{
  "input_size": {
    "width": 3024,
    "height": 4032
  },
  "output_size": {
    "width": 800,
    "height": 1067
  },
  "sharpen_mode": "lightness",
  "metric_mode": "relative_to_base",
  "artifact_metric": "channel_clipping_ratio",
  "target_artifact_ratio": 0.0010000000474974513,
  "baseline_artifact_ratio": 0,
  "probe_samples": [
    {
      "strength": 0.009999999776482582,
      "artifact_ratio": 0.00294400192797184,
      "metric_value": 0.00294400192797184,
      "breakdown": {
        "components": {
          "gamut_excursion": 0.00294400192797184,
          "halo_ringing": 0.5772886276245117,
          "edge_overshoot": 0,
          "texture_flattening": 0.015681132674217224
        },
        "selected_metric": "gamut_excursion",
        "selection_score": 0.00294400192797184,
        "composite_score": 0.17769871652126312,
        "aggregate": 0.00294400192797184
      }
    },
    {
      "strength": 0.059000007808208466,
      "artifact_ratio": 0.006740471813827753,
      "metric_value": 0.006740471813827753,
      "breakdown": {
        "components": {
          "gamut_excursion": 0.006740471813827753,
          "halo_ringing": 0.6308329105377197,
          "edge_overshoot": 0,
          "texture_flattening": 0.09146461635828018
        },
        "selected_metric": "gamut_excursion",
        "selection_score": 0.006740471813827753,
        "composite_score": 0.20513682067394257,
        "aggregate": 0.006740471813827753
      }
    },
    {
      "strength": 0.1080000102519989,
      "artifact_ratio": 0.010051936842501163,
      "metric_value": 0.010051936842501163,
      "breakdown": {
        "components": {
          "gamut_excursion": 0.010051936842501163,
          "halo_ringing": 0.6365340352058411,
          "edge_overshoot": 0,
          "texture_flattening": 0.16554409265518188
        },
        "selected_metric": "gamut_excursion",
        "selection_score": 0.010051936842501163,
        "composite_score": 0.2175665646791458,
        "aggregate": 0.010051936842501163
      }
    },
    {
      "strength": 0.13250000774860382,
      "artifact_ratio": 0.01185684185475111,
      "metric_value": 0.01185684185475111,
      "breakdown": {
        "components": {
          "gamut_excursion": 0.01185684185475111,
          "halo_ringing": 0.6377699375152588,
          "edge_overshoot": 4.981309302820591e-7,
          "texture_flattening": 0.20196391642093658
        },
        "selected_metric": "gamut_excursion",
        "selection_score": 0.01185684185475111,
        "composite_score": 0.22338436543941498,
        "aggregate": 0.01185684185475111
      }
    },
    {
      "strength": 0.15700002014636993,
      "artifact_ratio": 0.013628163374960423,
      "metric_value": 0.013628163374960423,
      "breakdown": {
        "components": {
          "gamut_excursion": 0.013628163374960423,
          "halo_ringing": 0.6385687589645386,
          "edge_overshoot": 0.0000022229794467421016,
          "texture_flattening": 0.23798081278800964
        },
        "selected_metric": "gamut_excursion",
        "selection_score": 0.013628163374960423,
        "composite_score": 0.22899755835533142,
        "aggregate": 0.013628163374960423
      }
    },
    {
      "strength": 0.2549999952316284,
      "artifact_ratio": 0.020815759897232056,
      "metric_value": 0.020815759897232056,
      "breakdown": {
        "components": {
          "gamut_excursion": 0.020815759897232056,
          "halo_ringing": 0.6403242945671082,
          "edge_overshoot": 0.00008173990499926731,
          "texture_flattening": 0.37817078828811646
        },
        "selected_metric": "gamut_excursion",
        "selection_score": 0.020815759897232056,
        "composite_score": 0.2507546544075012,
        "aggregate": 0.020815759897232056
      }
    },
    {
      "strength": 0.3774999976158142,
      "artifact_ratio": 0.02958919107913971,
      "metric_value": 0.02958919107913971,
      "breakdown": {
        "components": {
          "gamut_excursion": 0.02958919107913971,
          "halo_ringing": 0.6412445306777954,
          "edge_overshoot": 0.0007829145179130137,
          "texture_flattening": 0.5452185869216919
        },
        "selected_metric": "gamut_excursion",
        "selection_score": 0.02958919107913971,
        "composite_score": 0.27671927213668823,
        "aggregate": 0.02958919107913971
      }
    },
    {
      "strength": 0.5,
      "artifact_ratio": 0.03817557170987129,
      "metric_value": 0.03817557170987129,
      "breakdown": {
        "components": {
          "gamut_excursion": 0.03817557170987129,
          "halo_ringing": 0.6416864395141602,
          "edge_overshoot": 0.0025899431202560663,
          "texture_flattening": 0.7039250731468201
        },
        "selected_metric": "gamut_excursion",
        "selection_score": 0.03817557170987129,
        "composite_score": 0.3018510043621063,
        "aggregate": 0.03817557170987129
      }
    }
  ],
  "fit_status": {
    "status": "success"
  },
  "fit_coefficients": {
    "a": 0.07057984440125342,
    "b": -0.06689960882960214,
    "c": 0.09011645506860969,
    "d": 0.00109191959013146
  },
  "fit_quality": {
    "residual_sum_of_squares": 0.000002558593431667663,
    "r_squared": 0.9979668317419437,
    "max_residual": 0.00109191959013146,
    "min_pivot": 0.0000850045754174928
  },
  "crossing_status": "not_found_in_range",
  "robustness": {
    "monotonic": true,
    "quasi_monotonic": true,
    "r_squared_ok": true,
    "well_conditioned": true,
    "loo_stable": true,
    "max_loo_root_change": 0
  },
  "selected_strength": 0.009999999776482582,
  "selection_mode": "least_bad_sample",
  "fallback_reason": "root_out_of_range",
  "budget_reachable": false,
  "measured_artifact_ratio": 0.0063070133328437805,
  "measured_metric_value": 0.0063070133328437805,
  "metric_components": {
    "components": {
      "gamut_excursion": 0.0063070133328437805,
      "halo_ringing": 0.566524863243103,
      "edge_overshoot": 0,
      "texture_flattening": 0.014935464598238468
    },
    "selected_metric": "gamut_excursion",
    "selection_score": 0.0063070133328437805,
    "composite_score": 0.17775800824165344,
    "aggregate": 0.0063070133328437805
  },
  "metric_weights": {
    "gamut_excursion": 1,
    "halo_ringing": 0.30000001192092896,
    "edge_overshoot": 0.30000001192092896,
    "texture_flattening": 0.10000000149011612
  },
  "region_coverage": {
    "total_pixels": 853600,
    "flat": 426045,
    "textured": 288760,
    "strong_edge": 30048,
    "microtexture": 2841,
    "risky_halo_zone": 105906,
    "flat_fraction": 0.4991154968738556,
    "textured_fraction": 0.3382849097251892,
    "strong_edge_fraction": 0.03520150110125542,
    "microtexture_fraction": 0.0033282567746937275,
    "risky_halo_zone_fraction": 0.12406982481479645
  },
  "adaptive_validation": {
    "outcome": "failed_budget_exceeded",
    "iterations": 0,
    "best_scale": 1,
    "best_metric": 0.0027464074082672596
  },
  "timing": {
    "resize_us": 173900,
    "contrast_us": 0,
    "baseline_us": 2700,
    "probing_us": 1243800,
    "fit_us": 0,
    "robustness_us": 100,
    "final_sharpen_us": 79300,
    "clamp_us": 4100,
    "total_us": 2067700,
    "classification_us": 39500,
    "adaptive_validation_us": 0,
    "evaluator_us": 92200,
    "base_quality_us": 303900
  },
  "chroma_guard": {
    "pixels_clamped_fraction": 0.00766401132568717,
    "mean_chroma_shift": 0.0001581659453222528,
    "max_chroma_shift": 0.049277789890766144,
    "effective_threshold_min": 0.0011242536129429936,
    "effective_threshold_mean": 0.04430023580789566,
    "effective_threshold_max": 0.12470028549432755,
    "per_region": {
      "flat": {
        "pixel_count": 426045,
        "clamped_count": 39,
        "clamped_fraction": 0.00009153962309937924,
        "mean_shift": 0.00002006401336984709,
        "max_shift": 0.00529500050470233
      },
      "textured": {
        "pixel_count": 288760,