{
  "input_size": {
    "width": 5321,
    "height": 7981
  },
  "output_size": {
    "width": 800,
    "height": 1200
  },
  "sharpen_mode": "lightness",
  "metric_mode": "relative_to_base",
  "artifact_metric": "channel_clipping_ratio",
  "target_artifact_ratio": 0.003000000026077032,
  "baseline_artifact_ratio": 0,
  "probe_samples": [
    {
      "strength": 0.003000000026077032,
      "artifact_ratio": 0.000009375000445288606,
      "metric_value": 0.000009375000445288606,
      "breakdown": {
        "components": {
          "gamut_excursion": 0.000009375000445288606,
          "halo_ringing": 0.08551377058029175,
          "edge_overshoot": 0,
          "texture_flattening": 0.003676297375932336
        },
        "selected_metric": "gamut_excursion",
        "selection_score": 0.000009375000445288606,
        "composite_score": 0.026031136512756348,
        "aggregate": 0.000009375000445288606
      }
    },
    {
      "strength": 0.1691666692495346,
      "artifact_ratio": 0.00027881943969987333,
      "metric_value": 0.00027881943969987333,
      "breakdown": {
        "components": {
          "gamut_excursion": 0.00027881943969987333,
          "halo_ringing": 0.44359320402145386,
          "edge_overshoot": 6.627169568673708e-8,
          "texture_flattening": 0.19807906448841095
        },
        "selected_metric": "gamut_excursion",
        "selection_score": 0.00027881943969987333,
        "composite_score": 0.15316469967365265,
        "aggregate": 0.00027881943969987333
      }
    },
    {
      "strength": 0.33533331751823425,
      "artifact_ratio": 0.0007798611186444759,
      "metric_value": 0.0007798611186444759,
      "breakdown": {
        "components": {
          "gamut_excursion": 0.0007798611186444759,
          "halo_ringing": 0.4516989290714264,
          "edge_overshoot": 0.000040257375076180324,
          "texture_flattening": 0.3765098452568054
        },
        "selected_metric": "gamut_excursion",
        "selection_score": 0.0007798611186444759,
        "composite_score": 0.1739526093006134,
        "aggregate": 0.0007798611186444759
      }
    },
    {
      "strength": 0.5015000104904175,
      "artifact_ratio": 0.0014486111467704177,
      "metric_value": 0.0014486111467704177,
      "breakdown": {
        "components": {
          "gamut_excursion": 0.0014486111467704177,
          "halo_ringing": 0.4545646011829376,
          "edge_overshoot": 0.0002479774411767721,
          "texture_flattening": 0.5414429903030396
        },
        "selected_metric": "gamut_excursion",
        "selection_score": 0.0014486111467704177,
        "composite_score": 0.1920366883277893,
        "aggregate": 0.0014486111467704177
      }
    },
    {
      "strength": 0.5845834016799927,
      "artifact_ratio": 0.001839930540882051,
      "metric_value": 0.001839930540882051,
      "breakdown": {
        "components": {
          "gamut_excursion": 0.001839930540882051,
          "halo_ringing": 0.45534825325012207,
          "edge_overshoot": 0.000462488824268803,
          "texture_flattening": 0.6194698810577393
        },
        "selected_metric": "gamut_excursion",
        "selection_score": 0.001839930540882051,
        "composite_score": 0.20053015649318695,
        "aggregate": 0.001839930540882051
      }
    },
    {
      "strength": 0.6676666736602783,
      "artifact_ratio": 0.0022697916720062494,
      "metric_value": 0.0022697916720062494,
      "breakdown": {
        "components": {
          "gamut_excursion": 0.0022697916720062494,
          "halo_ringing": 0.4559798836708069,
          "edge_overshoot": 0.0007669054321013391,
          "texture_flattening": 0.6947925090789795
        },
        "selected_metric": "gamut_excursion",
        "selection_score": 0.0022697916720062494,
        "composite_score": 0.20877307653427124,
        "aggregate": 0.0022697916720062494
      }
    },
    {
      "strength": 0.6953611373901367,
      "artifact_ratio": 0.0024239583872258663,
      "metric_value": 0.0024239583872258663,
      "breakdown": {
        "components": {
          "gamut_excursion": 0.0024239583872258663,
          "halo_ringing": 0.45614364743232727,
          "edge_overshoot": 0.0008913217461667955,
          "texture_flattening": 0.7193303108215332
        },
        "selected_metric": "gamut_excursion",
        "selection_score": 0.0024239583872258663,
        "composite_score": 0.21146748960018158,
        "aggregate": 0.0024239583872258663
      }
    },
    {
      "strength": 0.8061388731002808,
      "artifact_ratio": 0.003022222314029932,
      "metric_value": 0.003022222314029932,
      "breakdown": {
        "components": {
          "gamut_excursion": 0.003022222314029932,
          "halo_ringing": 0.45675185322761536,
          "edge_overshoot": 0.0015128063969314098,
          "texture_flattening": 0.8148589134216309
        },
        "selected_metric": "gamut_excursion",
        "selection_score": 0.003022222314029932,
        "composite_score": 0.2219875156879425,
        "aggregate": 0.003022222314029932
      }
    },
    {
      "strength": 0.8338332772254944,
      "artifact_ratio": 0.003198611084371805,
      "metric_value": 0.003198611084371805,
      "breakdown": {
        "components": {
          "gamut_excursion": 0.003198611084371805,
          "halo_ringing": 0.4568454325199127,
          "edge_overshoot": 0.0017005180707201362,
          "texture_flattening": 0.8381142616271973
        },
        "selected_metric": "gamut_excursion",
        "selection_score": 0.003198611084371805,
        "composite_score": 0.22457382082939148,
        "aggregate": 0.003198611084371805
      }
    },
    {
      "strength": 0.9169166088104248,
      "artifact_ratio": 0.0037413195241242647,
      "metric_value": 0.0037413195241242647,
      "breakdown": {
        "components": {
          "gamut_excursion": 0.0037413195241242647,
          "halo_ringing": 0.45711445808410645,
          "edge_overshoot": 0.0023225608747452497,
          "texture_flattening": 0.9064558744430542
        },
        "selected_metric": "gamut_excursion",
        "selection_score": 0.0037413195241242647,
        "composite_score": 0.23221802711486816,
        "aggregate": 0.0037413195241242647
      }
    },
    {
      "strength": 1,
      "artifact_ratio": 0.004293750040233135,
      "metric_value": 0.004293750040233135,
      "breakdown": {
        "components": {
          "gamut_excursion": 0.004293750040233135,
          "halo_ringing": 0.4574068784713745,
          "edge_overshoot": 0.0030455105006694794,
          "texture_flattening": 0.9728100299835205
        },
        "selected_metric": "gamut_excursion",
        "selection_score": 0.004293750040233135,
        "composite_score": 0.2397104799747467,
        "aggregate": 0.004293750040233135
      }
    }
  ],
  "fit_status": {
    "status": "success"
  },
  "fit_coefficients": {
    "a": -0.0007172480328964892,
    "b": 0.0039000796013508457,
    "c": 0.0011025007135801999,
    "d": -6.38632911258015e-7
  },
  "fit_quality": {
    "residual_sum_of_squares": 1.5843305012880139e-9,
    "r_squared": 0.9999332378026028,
    "max_residual": 0.000024663035632636887,
    "min_pivot": 0.004311704475314204
  },
  "crossing_status": "found",
  "robustness": {
    "monotonic": true,
    "quasi_monotonic": true,
    "r_squared_ok": true,
    "well_conditioned": true,
    "loo_stable": true,
    "max_loo_root_change": 0.0013388285089800276
  },
  "selected_strength": 0.7972196340560913,
  "selection_mode": "polynomial_root",
  "budget_reachable": true,
  "measured_artifact_ratio": 0.0031923612114042044,
  "measured_metric_value": 0.0031923612114042044,
  "metric_components": {
    "components": {
      "gamut_excursion": 0.0031923612114042044,
      "halo_ringing": 0.45651793479919434,
      "edge_overshoot": 0.0014556136447936296,
      "texture_flattening": 0.805812418460846
    },
    "selected_metric": "gamut_excursion",