{
  "input_size": {
    "width": 5321,
    "height": 7981
  },
  "output_size": {
    "width": 800,
    "height": 1200
  },
  "sharpen_mode": "lightness",
  "metric_mode": "relative_to_base",
  "artifact_metric": "channel_clipping_ratio",
  "target_artifact_ratio": 0.0010000000474974513,
  "baseline_artifact_ratio": 0,
  "probe_samples": [
    {
      "strength": 0,
      "artifact_ratio": 0,
      "metric_value": 0,
      "breakdown": {
        "components": {
          "gamut_excursion": 0,
          "halo_ringing": 0,
          "edge_overshoot": 0,
          "texture_flattening": 0
        },
        "selected_metric": "gamut_excursion",
        "selection_score": 0,
        "composite_score": 0,
        "aggregate": 0
      }
    },
    {
      "strength": 0.009999999776482582,
      "artifact_ratio": 0.000016666666851961054,
      "metric_value": 0.000016666666851961054,
      "breakdown": {
        "components": {
          "gamut_excursion": 0.000016666666851961054,
          "halo_ringing": 0.251827597618103,
          "edge_overshoot": 0,
          "texture_flattening": 0.012228643521666527
        },
        "selected_metric": "gamut_excursion",
        "selection_score": 0.000016666666851961054,
        "composite_score": 0.07678781449794769,
        "aggregate": 0.000016666666851961054
      }
    },
    {
      "strength": 0.019999999552965164,
      "artifact_ratio": 0.000029513888875953853,
      "metric_value": 0.000029513888875953853,
      "breakdown": {
        "components": {
          "gamut_excursion": 0.000029513888875953853,
          "halo_ringing": 0.33799636363983154,
          "edge_overshoot": 0,
          "texture_flattening": 0.024388417601585388
        },
        "selected_metric": "gamut_excursion",
        "selection_score": 0.000029513888875953853,
        "composite_score": 0.10386727005243301,
        "aggregate": 0.000029513888875953853
      }
    },
    {
      "strength": 0.03500000014901161,
      "artifact_ratio": 0.000046527777158189565,
      "metric_value": 0.000046527777158189565,
      "breakdown": {
        "components": {
          "gamut_excursion": 0.000046527777158189565,
          "halo_ringing": 0.38564828038215637,
          "edge_overshoot": 0,
          "texture_flattening": 0.04250030219554901
        },
        "selected_metric": "gamut_excursion",
        "selection_score": 0.000046527777158189565,
        "composite_score": 0.11999104171991348,
        "aggregate": 0.000046527777158189565
      }
    },
    {
      "strength": 0.05000000074505806,
      "artifact_ratio": 0.00006805555312894285,
      "metric_value": 0.00006805555312894285,
      "breakdown": {
        "components": {
          "gamut_excursion": 0.00006805555312894285,
          "halo_ringing": 0.40680742263793945,
          "edge_overshoot": 0,
          "texture_flattening": 0.060460854321718216
        },
        "selected_metric": "gamut_excursion",
        "selection_score": 0.00006805555312894285,
        "composite_score": 0.1281563639640808,
        "aggregate": 0.00006805555312894285
      }
    },
    {
      "strength": 0.07999999821186066,
      "artifact_ratio": 0.00010416666918899864,
      "metric_value": 0.00010416666918899864,
      "breakdown": {
        "components": {
          "gamut_excursion": 0.00010416666918899864,
          "halo_ringing": 0.42636412382125854,
          "edge_overshoot": 0,
          "texture_flattening": 0.0959397405385971
        },
        "selected_metric": "gamut_excursion",
        "selection_score": 0.00010416666918899864,
        "composite_score": 0.1376073956489563,
        "aggregate": 0.00010416666918899864
      }
    },
    {
      "strength": 0.11999999731779099,
      "artifact_ratio": 0.00015868055925238878,
      "metric_value": 0.00015868055925238878,
      "breakdown": {
        "components": {
          "gamut_excursion": 0.00015868055925238878,
          "halo_ringing": 0.4368559420108795,
          "edge_overshoot": 0,
          "texture_flattening": 0.14235547184944153
        },
        "selected_metric": "gamut_excursion",
        "selection_score": 0.00015868055925238878,
        "composite_score": 0.14545100927352905,
        "aggregate": 0.00015868055925238878
      }
    },
    {
      "strength": 0.20000000298023224,
      "artifact_ratio": 0.00034965277882292867,
      "metric_value": 0.00034965277882292867,
      "breakdown": {
        "components": {
          "gamut_excursion": 0.00034965277882292867,
          "halo_ringing": 0.44615474343299866,
          "edge_overshoot": 0.000002210247203038307,
          "texture_flattening": 0.23231197893619537
        },
        "selected_metric": "gamut_excursion",
        "selection_score": 0.00034965277882292867,
        "composite_score": 0.15742793679237366,
        "aggregate": 0.00034965277882292867
      }
    },
    {
      "strength": 0.44999998807907104,
      "artifact_ratio": 0.0012006944743916392,
      "metric_value": 0.0012006944743916392,
      "breakdown": {
        "components": {
          "gamut_excursion": 0.0012006944743916392,
          "halo_ringing": 0.4538627862930298,
          "edge_overshoot": 0.00015867008187342435,
          "texture_flattening": 0.49163761734962463
        },
        "selected_metric": "gamut_excursion",
        "selection_score": 0.0012006944743916392,
        "composite_score": 0.1865708827972412,
        "aggregate": 0.0012006944743916392
      }
    }
  ],
  "fit_status": {
    "status": "success"
  },
  "fit_coefficients": {
    "a": -0.000038089152275373376,
    "b": 0.0038644995531081396,
    "c": 0.0009262291865906899,
    "d": 0.000005016465575809488
  },
  "fit_quality": {
    "residual_sum_of_squares": 3.400123363842488e-10,
    "r_squared": 0.9997209006908193,
    "max_residual": 0.000013066379256307132,
    "min_pivot": 0.000014119538917071713
  },
  "crossing_status": "found",
  "robustness": {
    "monotonic": true,
    "quasi_monotonic": true,
    "r_squared_ok": true,
    "well_conditioned": true,
    "loo_stable": true,
    "max_loo_root_change": 0.21632416541988764
  },
  "selected_strength": 0.4016178250312805,
  "selection_mode": "polynomial_root",
  "budget_reachable": true,
  "measured_artifact_ratio": 0.0008534722146578133,
  "measured_metric_value": 0.0008534722146578133,
  "metric_components": {
    "components": {
      "gamut_excursion": 0.0008534722146578133,
      "halo_ringing": 0.4498976469039917,
      "edge_overshoot": 0.00006606715032830834,
      "texture_flattening": 0.4178902208805084
    },
    "selected_metric": "gamut_excursion",
    "selection_score": 0.0008534722146578133,
    "composite_score": 0.17763161659240723,
    "aggregate": 0.0008534722146578133
  },
  "metric_weights": {
    "gamut_excursion": 1,
    "halo_ringing": 0.30000001192092896,
    "edge_overshoot": 0.30000001192092896,
    "texture_flattening": 0.10000000149011612
  },
  "region_coverage": {
    "total_pixels": 960000,
    "flat": 872774,
    "textured": 85179,
    "strong_edge": 1361,
    "microtexture": 22,
    "risky_halo_zone": 664,
    "flat_fraction": 0.9091395735740662,
    "textured_fraction": 0.08872812241315842,
    "strong_edge_fraction": 0.0014177083503454924,
    "microtexture_fraction": 0.000022916667148820125,
    "risky_halo_zone_fraction": 0.0006916666752658784
  },
  "adaptive_validation": {
    "outcome": "passed_direct",
    "measured_metric": 0.0008534722146578133
  },
  "timing": {
    "resize_us": 559500,
    "contrast_us": 0,
    "baseline_us": 3400,
    "probing_us": 726400,
    "fit_us": 0,
    "robustness_us": 0,
    "final_sharpen_us": 15500,
    "clamp_us": 2400,
    "total_us": 2329600,
    "classification_us": 40400,
    "adaptive_validation_us": 0,
    "base_quality_us": 914100
  },
  "base_resize_quality": {
    "edge_retention": 0.9992486238479614,
    "texture_retention": 1,
    "ringing_score": 0.0010645833099260926,
    "envelope_scale": 0.9978708624839783
  },