{
  "input_size": {
    "width": 5321,
    "height": 7981
  },
  "output_size": {
    "width": 800,
    "height": 1200
  },
  "sharpen_mode": "lightness",
  "metric_mode": "relative_to_base",
  "artifact_metric": "channel_clipping_ratio",
  "target_artifact_ratio": 0.0010000000474974513,
  "baseline_artifact_ratio": 0,
  "probe_samples": [
    {
      "strength": 0.009999999776482582,
      "artifact_ratio": 0.000016666666851961054,
      "metric_value": 0.000016666666851961054,
      "breakdown": {
        "components": {
          "gamut_excursion": 0.000016666666851961054,
          "halo_ringing": 0.251827597618103,
          "edge_overshoot": 0,
          "texture_flattening": 0.012228643521666527
        },
        "selected_metric": "gamut_excursion",
        "selection_score": 0.000016666666851961054,
        "composite_score": 0.07678781449794769,
        "aggregate": 0.000016666666851961054
      }
    },
    {
      "strength": 0.13250000774860382,
      "artifact_ratio": 0.00018784722487907857,
      "metric_value": 0.00018784722487907857,
      "breakdown": {
        "components": {
          "gamut_excursion": 0.00018784722487907857,
          "halo_ringing": 0.439066618680954,
          "edge_overshoot": 0,
          "texture_flattening": 0.15665899217128754
        },
        "selected_metric": "gamut_excursion",
        "selection_score": 0.00018784722487907857,
        "composite_score": 0.14757373929023743,
        "aggregate": 0.00018784722487907857
      }
    },
    {
      "strength": 0.2549999952316284,
      "artifact_ratio": 0.0004940972430631518,
      "metric_value": 0.0004940972430631518,
      "breakdown": {
        "components": {
          "gamut_excursion": 0.0004940972430631518,
          "halo_ringing": 0.4492192566394806,
          "edge_overshoot": 0.000009022530321090017,
          "texture_flattening": 0.2920694053173065
        },
        "selected_metric": "gamut_excursion",
        "selection_score": 0.0004940972430631518,
        "composite_score": 0.16446954011917114,
        "aggregate": 0.0004940972430631518
      }
    },
    {
      "strength": 0.3162499964237213,
      "artifact_ratio": 0.0007065972313284874,
      "metric_value": 0.0007065972313284874,
      "breakdown": {
        "components": {
          "gamut_excursion": 0.0007065972313284874,
          "halo_ringing": 0.45119598507881165,
          "edge_overshoot": 0.00003117710730293766,
          "texture_flattening": 0.3567449748516083
        },
        "selected_metric": "gamut_excursion",
        "selection_score": 0.0007065972313284874,
        "composite_score": 0.17174924910068512,
        "aggregate": 0.0007065972313284874
      }
    },
    {
      "strength": 0.3774999976158142,
      "artifact_ratio": 0.0009236111072823405,
      "metric_value": 0.0009236111072823405,
      "breakdown": {
        "components": {
          "gamut_excursion": 0.0009236111072823405,
          "halo_ringing": 0.4524592161178589,
          "edge_overshoot": 0.00007058124901959673,
          "texture_flattening": 0.419556200504303
        },
        "selected_metric": "gamut_excursion",
        "selection_score": 0.0009236111072823405,
        "composite_score": 0.17863817512989044,
        "aggregate": 0.0009236111072823405
      }
    },
    {
      "strength": 0.4387499988079071,
      "artifact_ratio": 0.0011506944429129362,
      "metric_value": 0.0011506944429129362,
      "breakdown": {
        "components": {
          "gamut_excursion": 0.0011506944429129362,
          "halo_ringing": 0.45371073484420776,
          "edge_overshoot": 0.0001417029125150293,
          "texture_flattening": 0.48060575127601624
        },
        "selected_metric": "gamut_excursion",
        "selection_score": 0.0011506944429129362,
        "composite_score": 0.18536701798439026,
        "aggregate": 0.0011506944429129362
      }
    },
    {
      "strength": 0.5,
      "artifact_ratio": 0.0014475694624707103,
      "metric_value": 0.0014475694624707103,
      "breakdown": {
        "components": {
          "gamut_excursion": 0.0014475694624707103,
          "halo_ringing": 0.4545412063598633,
          "edge_overshoot": 0.00024494092212989926,
          "texture_flattening": 0.5400083065032959
        },
        "selected_metric": "gamut_excursion",
        "selection_score": 0.0014475694624707103,
        "composite_score": 0.19188424944877625,
        "aggregate": 0.0014475694624707103
      }
    }
  ],
  "fit_status": {
    "status": "success"
  },
  "fit_coefficients": {
    "a": -0.0011764409657754036,
    "b": 0.004694497733663128,
    "c": 0.0008212037976131605,
    "d": 0.000003152432610695388
  },
  "fit_quality": {
    "residual_sum_of_squares": 5.635465116786613e-10,
    "r_squared": 0.9997206112974063,
    "max_residual": 0.000017097024504403053,
    "min_pivot": 0.00006781545690916083
  },
  "crossing_status": "found",
  "robustness": {
    "monotonic": true,
    "quasi_monotonic": true,
    "r_squared_ok": true,
    "well_conditioned": true,
    "loo_stable": true,
    "max_loo_root_change": 0.0051014855403567596
  },
  "selected_strength": 0.39760494232177734,
  "selection_mode": "polynomial_root",
  "budget_reachable": true,
  "measured_artifact_ratio": 0.001115625025704503,
  "measured_metric_value": 0.001115625025704503,
  "metric_components": {
    "components": {
      "gamut_excursion": 0.001115625025704503,
      "halo_ringing": 0.4526112675666809,
      "edge_overshoot": 0.0000901937746675685,
      "texture_flattening": 0.4388614296913147
    },
    "selected_metric": "gamut_excursion",
    "selection_score": 0.001115625025704503,
    "composite_score": 0.18081220984458923,
    "aggregate": 0.001115625025704503
  },
  "metric_weights": {
    "gamut_excursion": 1,
    "halo_ringing": 0.30000001192092896,
    "edge_overshoot": 0.30000001192092896,
    "texture_flattening": 0.10000000149011612
  },
  "region_coverage": {
    "total_pixels": 960000,
    "flat": 872774,
    "textured": 85179,
    "strong_edge": 1361,
    "microtexture": 22,
    "risky_halo_zone": 664,
    "flat_fraction": 0.9091395735740662,
    "textured_fraction": 0.08872812241315842,
    "strong_edge_fraction": 0.0014177083503454924,
    "microtexture_fraction": 0.000022916667148820125,
    "risky_halo_zone_fraction": 0.0006916666752658784
  },
  "adaptive_validation": {
    "outcome": "passed_direct",
    "measured_metric": 0.0008343749796040356
  },
  "timing": {
    "resize_us": 559400,
    "contrast_us": 0,
    "baseline_us": 3100,
    "probing_us": 723200,
    "fit_us": 0,
    "robustness_us": 0,
    "final_sharpen_us": 90000,
    "clamp_us": 2900,
    "total_us": 2476000,
    "classification_us": 44600,
    "adaptive_validation_us": 0,
    "evaluator_us": 101300,
    "base_quality_us": 879700
  },
  "chroma_guard": {
    "pixels_clamped_fraction": 0.003979166503995657,
    "mean_chroma_shift": 0.0003381619753781706,
    "max_chroma_shift": 0.4943998456001282,
    "effective_threshold_min": 0.0011246042558923364,
    "effective_threshold_mean": 0.008041240274906158,
    "effective_threshold_max": 0.137726292014122,
    "per_region": {
      "flat": {
        "pixel_count": 872774,
        "clamped_count": 333,
        "clamped_fraction": 0.00038154207868501544,
        "mean_shift": 0.000196045235497877,
        "max_shift": 0.038467299193143845
      },
      "textured": {
        "pixel_count": 85179,
        "clamped_count": 2851,
        "clamped_fraction": 0.03347069025039673,
        "mean_shift": 0.0013466546079143882,
        "max_shift": 0.24823357164859772
      },
      "strong_edge": {
        "pixel_count": 1361,
        "clamped_count": 433,
        "clamped_fraction": 0.3181484341621399,
        "mean_shift": 0.014403991401195526,
        "max_shift": 0.39654672145843506
      },
      "microtexture": {
        "pixel_count": 22,
        "clamped_count": 0,
        "clamped_fraction": 0,
        "mean_shift": 0.0017123827710747719,