{
  "input_size": {
    "width": 4000,
    "height": 6000
  },
  "output_size": {
    "width": 800,
    "height": 1200
  },
  "sharpen_mode": "lightness",
  "metric_mode": "relative_to_base",
  "artifact_metric": "channel_clipping_ratio",
  "target_artifact_ratio": 0.0010000000474974513,
  "baseline_artifact_ratio": 0,
  "probe_samples": [
    {
      "strength": 0.003000000026077032,
      "artifact_ratio": 0.00025902778725139797,
      "metric_value": 0.00025902778725139797,
      "breakdown": {
        "components": {
          "gamut_excursion": 0.00025902778725139797,
          "halo_ringing": 0.19712308049201965,
          "edge_overshoot": 0,
          "texture_flattening": 0.003153063589707017
        },
        "selected_metric": "gamut_excursion",
        "selection_score": 0.00025902778725139797,
        "composite_score": 0.059711258858442307,
        "aggregate": 0.00025902778725139797
      }
    },
    {
      "strength": 0.027625001966953278,
      "artifact_ratio": 0.000755555578507483,
      "metric_value": 0.000755555578507483,
      "breakdown": {
        "components": {
          "gamut_excursion": 0.000755555578507483,
          "halo_ringing": 0.3732658326625824,
          "edge_overshoot": 0,
          "texture_flattening": 0.02894006483256817
        },
        "selected_metric": "gamut_excursion",
        "selection_score": 0.000755555578507483,
        "composite_score": 0.11562931537628174,
        "aggregate": 0.000755555578507483
      }
    },
    {
      "strength": 0.05224999785423279,
      "artifact_ratio": 0.0010611111065372825,
      "metric_value": 0.0010611111065372825,
      "breakdown": {
        "components": {
          "gamut_excursion": 0.0010611111065372825,
          "halo_ringing": 0.38960444927215576,
          "edge_overshoot": 0,
          "texture_flattening": 0.05456054210662842
        },
        "selected_metric": "gamut_excursion",
        "selection_score": 0.0010611111065372825,
        "composite_score": 0.12339850515127182,
        "aggregate": 0.0010611111065372825
      }
    },
    {
      "strength": 0.0768750011920929,
      "artifact_ratio": 0.0014031250029802322,
      "metric_value": 0.0014031250029802322,
      "breakdown": {
        "components": {
          "gamut_excursion": 0.0014031250029802322,
          "halo_ringing": 0.39597538113594055,
          "edge_overshoot": 0,
          "texture_flattening": 0.08001459389925003
        },
        "selected_metric": "gamut_excursion",
        "selection_score": 0.0014031250029802322,
        "composite_score": 0.12819719314575195,
        "aggregate": 0.0014031250029802322
      }
    },
    {
      "strength": 0.1014999970793724,
      "artifact_ratio": 0.001795138930901885,
      "metric_value": 0.001795138930901885,
      "breakdown": {
        "components": {
          "gamut_excursion": 0.001795138930901885,
          "halo_ringing": 0.3992287814617157,
          "edge_overshoot": 0,
          "texture_flattening": 0.10530375689268112
        },
        "selected_metric": "gamut_excursion",
        "selection_score": 0.001795138930901885,
        "composite_score": 0.13209415972232819,
        "aggregate": 0.001795138930901885
      }
    },
    {
      "strength": 0.15074999630451202,
      "artifact_ratio": 0.0027322915848344564,
      "metric_value": 0.0027322915848344564,
      "breakdown": {
        "components": {
          "gamut_excursion": 0.0027322915848344564,
          "halo_ringing": 0.4027489721775055,
          "edge_overshoot": 0,
          "texture_flattening": 0.1553896814584732
        },
        "selected_metric": "gamut_excursion",
        "selection_score": 0.0027322915848344564,
        "composite_score": 0.1390959620475769,
        "aggregate": 0.0027322915848344564
      }
    },
    {
      "strength": 0.20000000298023224,
      "artifact_ratio": 0.003724305657669902,
      "metric_value": 0.003724305657669902,
      "breakdown": {
        "components": {
          "gamut_excursion": 0.003724305657669902,
          "halo_ringing": 0.40447568893432617,
          "edge_overshoot": 0,
          "texture_flattening": 0.20482556521892548
        },
        "selected_metric": "gamut_excursion",
        "selection_score": 0.003724305657669902,
        "composite_score": 0.14554956555366516,
        "aggregate": 0.003724305657669902
      }
    }
  ],
  "fit_status": {
    "status": "success"
  },
  "fit_coefficients": {
    "a": 0.25893740272513227,
    "b": -0.06596677680535136,
    "c": 0.020960084025573623,
    "d": 0.0001189846845346438
  },
  "fit_quality": {
    "residual_sum_of_squares": 4.030168008262551e-8,
    "r_squared": 0.9963660515386058,
    "max_residual": 0.0001189846845346438,
    "min_pivot": 2.961682381702926e-7
  },
  "crossing_status": "found",
  "robustness": {
    "monotonic": true,
    "quasi_monotonic": true,
    "r_squared_ok": true,
    "well_conditioned": true,
    "loo_stable": true,
    "max_loo_root_change": 0.06661806696085257
  },
  "selected_strength": 0.04606816917657852,
  "selection_mode": "polynomial_root",
  "budget_reachable": true,
  "measured_artifact_ratio": 0.003011805471032858,
  "measured_metric_value": 0.003011805471032858,
  "metric_components": {
    "components": {
      "gamut_excursion": 0.003011805471032858,
      "halo_ringing": 0.3861064910888672,
      "edge_overshoot": 0,
      "texture_flattening": 0.04751332849264145
    },
    "selected_metric": "gamut_excursion",
    "selection_score": 0.003011805471032858,
    "composite_score": 0.12359508872032166,
    "aggregate": 0.003011805471032858
  },
  "metric_weights": {
    "gamut_excursion": 1,
    "halo_ringing": 0.30000001192092896,
    "edge_overshoot": 0.30000001192092896,
    "texture_flattening": 0.10000000149011612
  },
  "region_coverage": {
    "total_pixels": 960000,
    "flat": 542114,
    "textured": 362486,
    "strong_edge": 39422,
    "microtexture": 316,
    "risky_halo_zone": 15662,
    "flat_fraction": 0.5647020936012268,
    "textured_fraction": 0.3775895833969116,
    "strong_edge_fraction": 0.041064582765102386,
    "microtexture_fraction": 0.0003291666798759252,
    "risky_halo_zone_fraction": 0.016314582899212837
  },
  "adaptive_validation": {
    "outcome": "passed_direct",
    "measured_metric": 0.0009503472247160971
  },
  "timing": {
    "resize_us": 377800,
    "contrast_us": 0,
    "baseline_us": 3700,
    "probing_us": 1252100,
    "fit_us": 0,
    "robustness_us": 0,
    "final_sharpen_us": 90500,
    "clamp_us": 2600,
    "total_us": 2528800,
    "classification_us": 43900,
    "adaptive_validation_us": 0,
    "evaluator_us": 96600,
    "base_quality_us": 536300
  },
  "chroma_guard": {
    "pixels_clamped_fraction": 0.004079166799783707,
    "mean_chroma_shift": 0.000357623677700758,
    "max_chroma_shift": 0.07976675778627396,
    "effective_threshold_min": 0.0011244940105825663,
    "effective_threshold_mean": 0.016306664794683456,
    "effective_threshold_max": 0.0876685231924057,
    "per_region": {
      "flat": {
        "pixel_count": 542114,
        "clamped_count": 0,
        "clamped_fraction": 0,
        "mean_shift": 0.0000754196080379188,
        "max_shift": 0.003117053536698222
      },
      "textured": {
        "pixel_count": 362486,
        "clamped_count": 1455,
        "clamped_fraction": 0.004013948142528534,
        "mean_shift": 0.0005687897210009396,
        "max_shift": 0.045319460332393646
      },
      "strong_edge": {
        "pixel_count": 39422,
        "clamped_count": 1054,
        "clamped_fraction": 0.026736339554190636,
        "mean_shift": 0.00140610639937222,
        "max_shift": 0.06232127919793129
      },
      "microtexture": {
        "pixel_count": 316,
        "clamped_count": 0,
        "clamped_fraction": 0,
        "mean_shift": 0.0009855482494458556,
        "max_shift": 0.007276924792677164
      },
      "risky_halo_zone": {
        "pixel_count": 15662,
        "clamped_count": 1407,