{
  "input_size": {
    "width": 1280,
    "height": 853
  },
  "output_size": {
    "width": 800,
    "height": 533
  },
  "sharpen_mode": "lightness",
  "metric_mode": "relative_to_base",
  "artifact_metric": "channel_clipping_ratio",
  "target_artifact_ratio": 0.003000000026077032,
  "baseline_artifact_ratio": 0,
  "probe_samples": [
    {
      "strength": 0.003000000026077032,
      "artifact_ratio": 0.0004854596627410501,
      "metric_value": 0.0004854596627410501,
      "breakdown": {
        "components": {
          "gamut_excursion": 0.0004854596627410501,
          "halo_ringing": 0.28932276368141174,
          "edge_overshoot": 0,
          "texture_flattening": 0.0034683009143918753
        },
        "selected_metric": "gamut_excursion",
        "selection_score": 0.0004854596627410501,
        "composite_score": 0.08762912452220917,
        "aggregate": 0.0004854596627410501
      }
    },
    {
      "strength": 0.0651249960064888,
      "artifact_ratio": 0.001854283967986703,
      "metric_value": 0.001854283967986703,
      "breakdown": {
        "components": {
          "gamut_excursion": 0.001854283967986703,
          "halo_ringing": 0.45721569657325745,
          "edge_overshoot": 0,
          "texture_flattening": 0.07460154592990875
        },
        "selected_metric": "gamut_excursion",
        "selection_score": 0.001854283967986703,
        "composite_score": 0.14647915959358215,
        "aggregate": 0.001854283967986703
      }
    },
    {
      "strength": 0.12725000083446503,
      "artifact_ratio": 0.0033231708221137524,
      "metric_value": 0.0033231708221137524,
      "breakdown": {
        "components": {
          "gamut_excursion": 0.0033231708221137524,
          "halo_ringing": 0.4639456868171692,
          "edge_overshoot": 0,
          "texture_flattening": 0.14444026350975037
        },
        "selected_metric": "gamut_excursion",
        "selection_score": 0.0033231708221137524,
        "composite_score": 0.156950905919075,
        "aggregate": 0.0033231708221137524
      }
    },
    {
      "strength": 0.18937498331069946,
      "artifact_ratio": 0.0048248907551169395,
      "metric_value": 0.0048248907551169395,
      "breakdown": {
        "components": {
          "gamut_excursion": 0.0048248907551169395,
          "halo_ringing": 0.466253399848938,
          "edge_overshoot": 0.000004734723006549757,
          "texture_flattening": 0.21300892531871796
        },
        "selected_metric": "gamut_excursion",
        "selection_score": 0.0048248907551169395,
        "composite_score": 0.16600322723388672,
        "aggregate": 0.0048248907551169395
      }
    },
    {
      "strength": 0.2515000104904175,
      "artifact_ratio": 0.006606472656130791,
      "metric_value": 0.006606472656130791,
      "breakdown": {
        "components": {
          "gamut_excursion": 0.006606472656130791,
          "halo_ringing": 0.4674989879131317,
          "edge_overshoot": 0.000015670795619371347,
          "texture_flattening": 0.28033962845802307
        },
        "selected_metric": "gamut_excursion",
        "selection_score": 0.006606472656130791,
        "composite_score": 0.17489482462406158,
        "aggregate": 0.006606472656130791
      }
    },
    {
      "strength": 0.37575000524520874,
      "artifact_ratio": 0.01032051257789135,
      "metric_value": 0.01032051257789135,
      "breakdown": {
        "components": {
          "gamut_excursion": 0.01032051257789135,
          "halo_ringing": 0.468580424785614,
          "edge_overshoot": 0.0001542380778118968,
          "texture_flattening": 0.411406934261322
        },
        "selected_metric": "gamut_excursion",
        "selection_score": 0.01032051257789135,
        "composite_score": 0.19208160042762756,
        "aggregate": 0.01032051257789135
      }
    },
    {
      "strength": 0.5,
      "artifact_ratio": 0.014412133023142815,
      "metric_value": 0.014412133023142815,
      "breakdown": {
        "components": {
          "gamut_excursion": 0.014412133023142815,
          "halo_ringing": 0.46916940808296204,
          "edge_overshoot": 0.0005585248582065105,
          "texture_flattening": 0.5378538370132446
        },
        "selected_metric": "gamut_excursion",
        "selection_score": 0.014412133023142815,
        "composite_score": 0.2091159075498581,
        "aggregate": 0.014412133023142815
      }
    }
  ],
  "fit_status": {
    "status": "success"
  },
  "fit_coefficients": {
    "a": 0.00842433906150096,
    "b": 0.005885936941533552,
    "c": 0.023352770531948973,
    "d": 0.00022505455822073033
  },
  "fit_quality": {
    "residual_sum_of_squares": 1.0390817725168709e-7,
    "r_squared": 0.9994135401558714,
    "max_residual": 0.00022505455822073033,
    "min_pivot": 0.00007365256520618438
  },
  "crossing_status": "found",
  "robustness": {
    "monotonic": true,
    "quasi_monotonic": true,
    "r_squared_ok": true,
    "well_conditioned": true,
    "loo_stable": true,
    "max_loo_root_change": 0.014324800048464679
  },
  "selected_strength": 0.10724356770515442,
  "selection_mode": "polynomial_root",
  "budget_reachable": true,
  "measured_artifact_ratio": 0.008283302187919617,
  "measured_metric_value": 0.008283302187919617,
  "metric_components": {
    "components": {
      "gamut_excursion": 0.008283302187919617,
      "halo_ringing": 0.460933119058609,
      "edge_overshoot": 0,
      "texture_flattening": 0.12032615393400192
    },
    "selected_metric": "gamut_excursion",
    "selection_score": 0.008283302187919617,
    "composite_score": 0.15859586000442505,
    "aggregate": 0.008283302187919617
  },
  "metric_weights": {
    "gamut_excursion": 1,
    "halo_ringing": 0.30000001192092896,
    "edge_overshoot": 0.30000001192092896,
    "texture_flattening": 0.10000000149011612
  },
  "region_coverage": {
    "total_pixels": 426400,
    "flat": 318115,
    "textured": 77614,
    "strong_edge": 13241,
    "microtexture": 522,
    "risky_halo_zone": 16908,
    "flat_fraction": 0.7460483312606812,
    "textured_fraction": 0.18202157318592072,
    "strong_edge_fraction": 0.031053001061081886,
    "microtexture_fraction": 0.0012242025695741177,
    "risky_halo_zone_fraction": 0.039652906358242035
  },
  "adaptive_validation": {
    "outcome": "passed_direct",
    "measured_metric": 0.0025195435155183077
  },
  "timing": {
    "resize_us": 35000,
    "contrast_us": 0,
    "baseline_us": 2000,
    "probing_us": 444900,
    "fit_us": 0,
    "robustness_us": 0,
    "final_sharpen_us": 40100,
    "clamp_us": 1200,
    "total_us": 668300,
    "classification_us": 18100,
    "adaptive_validation_us": 0,
    "evaluator_us": 49000,
    "base_quality_us": 32700
  },
  "chroma_guard": {
    "pixels_clamped_fraction": 0.01908067613840103,
    "mean_chroma_shift": 0.00085270224371925,
    "max_chroma_shift": 0.18528473377227783,
    "effective_threshold_min": 0.0011242805048823357,
    "effective_threshold_mean": 0.007660553324967623,
    "effective_threshold_max": 0.10138668119907379,
    "per_region": {
      "flat": {
        "pixel_count": 318115,
        "clamped_count": 17,
        "clamped_fraction": 0.00005343979501049034,
        "mean_shift": 0.00007868919055908918,
        "max_shift": 0.015973053872585297
      },
      "textured": {
        "pixel_count": 77614,
        "clamped_count": 3509,
        "clamped_fraction": 0.04521091654896736,
        "mean_shift": 0.001752951880916953,
        "max_shift": 0.10800295323133469
      },
      "strong_edge": {
        "pixel_count": 13241,
        "clamped_count": 1332,
        "clamped_fraction": 0.10059662908315659,
        "mean_shift": 0.003844470949843526,
        "max_shift": 0.06245275214314461
      },
      "microtexture": {
        "pixel_count": 522,
        "clamped_count": 27,
        "clamped_fraction": 0.0517241396009922,
        "mean_shift": 0.0017343960935249925,
        "max_shift": 0.05022827535867691
      },