{
  "input_size": {
    "width": 1280,
    "height": 853
  },
  "output_size": {
    "width": 800,
    "height": 533
  },
  "sharpen_mode": "lightness",
  "metric_mode": "relative_to_base",
  "artifact_metric": "channel_clipping_ratio",
  "target_artifact_ratio": 0.0010000000474974513,
  "baseline_artifact_ratio": 0,
  "probe_samples": [
    {
      "strength": 0.003000000026077032,
      "artifact_ratio": 0.0004854596627410501,
      "metric_value": 0.0004854596627410501,
      "breakdown": {
        "components": {
          "gamut_excursion": 0.0004854596627410501,
          "halo_ringing": 0.28932276368141174,
          "edge_overshoot": 0,
          "texture_flattening": 0.0034683009143918753
        },
        "selected_metric": "gamut_excursion",
        "selection_score": 0.0004854596627410501,
        "composite_score": 0.08762912452220917,
        "aggregate": 0.0004854596627410501
      }
    },
    {
      "strength": 0.027625001966953278,
      "artifact_ratio": 0.0009974983986467123,
      "metric_value": 0.0009974983986467123,
      "breakdown": {
        "components": {
          "gamut_excursion": 0.0009974983986467123,
          "halo_ringing": 0.44042447209358215,
          "edge_overshoot": 0,
          "texture_flattening": 0.031820304691791534
        },
        "selected_metric": "gamut_excursion",
        "selection_score": 0.0009974983986467123,
        "composite_score": 0.13630686700344086,
        "aggregate": 0.0009974983986467123
      }
    },
    {
      "strength": 0.05224999785423279,
      "artifact_ratio": 0.0015595684526488185,
      "metric_value": 0.0015595684526488185,
      "breakdown": {
        "components": {
          "gamut_excursion": 0.0015595684526488185,
          "halo_ringing": 0.45419347286224365,
          "edge_overshoot": 0,
          "texture_flattening": 0.05996700003743172
        },
        "selected_metric": "gamut_excursion",
        "selection_score": 0.0015595684526488185,
        "composite_score": 0.1438143253326416,
        "aggregate": 0.0015595684526488185
      }
    },
    {
      "strength": 0.0768750011920929,
      "artifact_ratio": 0.002125547267496586,
      "metric_value": 0.002125547267496586,
      "breakdown": {
        "components": {
          "gamut_excursion": 0.002125547267496586,
          "halo_ringing": 0.45922407507896423,
          "edge_overshoot": 0,
          "texture_flattening": 0.08790894597768784
        },
        "selected_metric": "gamut_excursion",
        "selection_score": 0.002125547267496586,
        "composite_score": 0.14868366718292236,
        "aggregate": 0.002125547267496586
      }
    },
    {
      "strength": 0.1014999970793724,
      "artifact_ratio": 0.002734521636739373,
      "metric_value": 0.002734521636739373,
      "breakdown": {
        "components": {
          "gamut_excursion": 0.002734521636739373,
          "halo_ringing": 0.46198558807373047,
          "edge_overshoot": 0,
          "texture_flattening": 0.11564835906028748
        },
        "selected_metric": "gamut_excursion",
        "selection_score": 0.002734521636739373,
        "composite_score": 0.15289504826068878,
        "aggregate": 0.002734521636739373
      }
    },
    {
      "strength": 0.15074999630451202,
      "artifact_ratio": 0.003877423470839858,
      "metric_value": 0.003877423470839858,
      "breakdown": {
        "components": {
          "gamut_excursion": 0.003877423470839858,
          "halo_ringing": 0.4649788439273834,
          "edge_overshoot": 0.000001446263581783569,
          "texture_flattening": 0.17052598297595978
        },
        "selected_metric": "gamut_excursion",
        "selection_score": 0.003877423470839858,
        "composite_score": 0.1604241132736206,
        "aggregate": 0.003877423470839858
      }
    },
    {
      "strength": 0.20000000298023224,
      "artifact_ratio": 0.005091463215649128,
      "metric_value": 0.005091463215649128,
      "breakdown": {
        "components": {
          "gamut_excursion": 0.005091463215649128,
          "halo_ringing": 0.4664754867553711,
          "edge_overshoot": 0.000006083886546548456,
          "texture_flattening": 0.22461138665676117
        },
        "selected_metric": "gamut_excursion",
        "selection_score": 0.005091463215649128,
        "composite_score": 0.16749706864356995,
        "aggregate": 0.005091463215649128
      }
    }
  ],
  "fit_status": {
    "status": "success"
  },
  "fit_coefficients": {
    "a": 0.18336781403968758,
    "b": -0.05942413352318563,
    "c": 0.029051370970953075,
    "d": 0.00019884247745061406
  },
  "fit_quality": {
    "residual_sum_of_squares": 8.34651719567011e-8,
    "r_squared": 0.9960320877198545,
    "max_residual": 0.00019999293789990143,
    "min_pivot": 2.961682381702926e-7
  },
  "crossing_status": "found",
  "robustness": {
    "monotonic": true,
    "quasi_monotonic": true,
    "r_squared_ok": true,
    "well_conditioned": true,
    "loo_stable": true,
    "max_loo_root_change": 0.09237048872761185
  },
  "selected_strength": 0.02670825831592083,
  "selection_mode": "polynomial_root",
  "budget_reachable": true,
  "measured_artifact_ratio": 0.003825046820566058,
  "measured_metric_value": 0.003825046820566058,
  "metric_components": {
    "components": {
      "gamut_excursion": 0.003825046820566058,
      "halo_ringing": 0.4377884566783905,
      "edge_overshoot": 0,
      "texture_flattening": 0.03031296655535698
    },
    "selected_metric": "gamut_excursion",
    "selection_score": 0.003825046820566058,
    "composite_score": 0.13819289207458496,
    "aggregate": 0.003825046820566058
  },
  "metric_weights": {
    "gamut_excursion": 1,
    "halo_ringing": 0.30000001192092896,
    "edge_overshoot": 0.30000001192092896,
    "texture_flattening": 0.10000000149011612
  },
  "region_coverage": {
    "total_pixels": 426400,
    "flat": 318115,
    "textured": 77614,
    "strong_edge": 13241,
    "microtexture": 522,
    "risky_halo_zone": 16908,
    "flat_fraction": 0.7460483312606812,
    "textured_fraction": 0.18202157318592072,
    "strong_edge_fraction": 0.031053001061081886,
    "microtexture_fraction": 0.0012242025695741177,
    "risky_halo_zone_fraction": 0.039652906358242035
  },
  "adaptive_validation": {
    "outcome": "passed_direct",
    "measured_metric": 0.0008810193976387382
  },
  "timing": {
    "resize_us": 41100,
    "contrast_us": 0,
    "baseline_us": 1200,
    "probing_us": 557700,
    "fit_us": 0,
    "robustness_us": 200,
    "final_sharpen_us": 40200,
    "clamp_us": 1000,
    "total_us": 811800,
    "classification_us": 32800,
    "adaptive_validation_us": 0,
    "evaluator_us": 48300,
    "base_quality_us": 45300
  },
  "chroma_guard": {
    "pixels_clamped_fraction": 0.005919324699789286,
    "mean_chroma_shift": 0.00021235947497189045,
    "max_chroma_shift": 0.04614385589957237,
    "effective_threshold_min": 0.0011242805048823357,
    "effective_threshold_mean": 0.007660553324967623,
    "effective_threshold_max": 0.10138668119907379,
    "per_region": {
      "flat": {
        "pixel_count": 318115,
        "clamped_count": 1,
        "clamped_fraction": 0.0000031435172331839567,
        "mean_shift": 0.000019597000573412515,
        "max_shift": 0.003977976273745298
      },
      "textured": {
        "pixel_count": 77614,
        "clamped_count": 670,
        "clamped_fraction": 0.008632463403046131,
        "mean_shift": 0.00043656027992255986,
        "max_shift": 0.026897387579083443
      },
      "strong_edge": {
        "pixel_count": 13241,
        "clamped_count": 466,
        "clamped_fraction": 0.03519371524453163,
        "mean_shift": 0.0009574383147992194,
        "max_shift": 0.015553419478237629
      },
      "microtexture": {
        "pixel_count": 522,
        "clamped_count": 3,
        "clamped_fraction": 0.005747126415371895,
        "mean_shift": 0.00043193803867325187,
        "max_shift": 0.012508997693657875
      },