{
  "input_size": {
    "width": 1280,
    "height": 853
  },
  "output_size": {
    "width": 800,
    "height": 533
  },
  "sharpen_mode": "lightness",
  "metric_mode": "relative_to_base",
  "artifact_metric": "channel_clipping_ratio",
  "target_artifact_ratio": 0.0010000000474974513,
  "baseline_artifact_ratio": 0,
  "probe_samples": [
    {
      "strength": 0.009999999776482582,
      "artifact_ratio": 0.0006230456638149917,
      "metric_value": 0.0006230456638149917,
      "breakdown": {
        "components": {
          "gamut_excursion": 0.0006230456638149917,
          "halo_ringing": 0.3973504900932312,
          "edge_overshoot": 0,
          "texture_flattening": 0.011548718437552452
        },
        "selected_metric": "gamut_excursion",
        "selection_score": 0.0006230456638149917,
        "composite_score": 0.1209830716252327,
        "aggregate": 0.0006230456638149917
      }
    },
    {
      "strength": 0.07124999910593033,
      "artifact_ratio": 0.0020020324736833572,
      "metric_value": 0.0020020324736833572,
      "breakdown": {
        "components": {
          "gamut_excursion": 0.0020020324736833572,
          "halo_ringing": 0.4583936929702759,
          "edge_overshoot": 0,
          "texture_flattening": 0.08154404908418655
        },
        "selected_metric": "gamut_excursion",
        "selection_score": 0.0020020324736833572,
        "composite_score": 0.1476745456457138,
        "aggregate": 0.0020020324736833572
      }
    },
    {
      "strength": 0.13250000774860382,
      "artifact_ratio": 0.003449812298640609,
      "metric_value": 0.003449812298640609,
      "breakdown": {
        "components": {
          "gamut_excursion": 0.003449812298640609,
          "halo_ringing": 0.46421605348587036,
          "edge_overshoot": 1.0223826052424556e-7,
          "texture_flattening": 0.15028387308120728
        },
        "selected_metric": "gamut_excursion",
        "selection_score": 0.003449812298640609,
        "composite_score": 0.15774305164813995,
        "aggregate": 0.003449812298640609
      }
    },
    {
      "strength": 0.19374999403953552,
      "artifact_ratio": 0.004934333730489016,
      "metric_value": 0.004934333730489016,
      "breakdown": {
        "components": {
          "gamut_excursion": 0.004934333730489016,
          "halo_ringing": 0.4663403034210205,
          "edge_overshoot": 0.000005290271019475767,
          "texture_flattening": 0.21779076755046844
        },
        "selected_metric": "gamut_excursion",
        "selection_score": 0.004934333730489016,
        "composite_score": 0.16661711037158966,
        "aggregate": 0.004934333730489016
      }
    },
    {
      "strength": 0.2549999952316284,
      "artifact_ratio": 0.006685428321361542,
      "metric_value": 0.006685428321361542,
      "breakdown": {
        "components": {
          "gamut_excursion": 0.006685428321361542,
          "halo_ringing": 0.46752795577049255,
          "edge_overshoot": 0.000016695092199370265,
          "texture_flattening": 0.2840966582298279
        },
        "selected_metric": "gamut_excursion",
        "selection_score": 0.006685428321361542,
        "composite_score": 0.17535847425460815,
        "aggregate": 0.006685428321361542
      }
    },
    {
      "strength": 0.3774999976158142,
      "artifact_ratio": 0.010361945256590843,
      "metric_value": 0.010361945256590843,
      "breakdown": {
        "components": {
          "gamut_excursion": 0.010361945256590843,
          "halo_ringing": 0.46859973669052124,
          "edge_overshoot": 0.00015762307157274336,
          "texture_flattening": 0.4132195711135864
        },
        "selected_metric": "gamut_excursion",
        "selection_score": 0.010361945256590843,
        "composite_score": 0.1923111081123352,
        "aggregate": 0.010361945256590843
      }
    },
    {
      "strength": 0.5,
      "artifact_ratio": 0.014412133023142815,
      "metric_value": 0.014412133023142815,
      "breakdown": {
        "components": {
          "gamut_excursion": 0.014412133023142815,
          "halo_ringing": 0.46916940808296204,
          "edge_overshoot": 0.0005585248582065105,
          "texture_flattening": 0.5378538370132446
        },
        "selected_metric": "gamut_excursion",
        "selection_score": 0.014412133023142815,
        "composite_score": 0.2091159075498581,
        "aggregate": 0.014412133023142815
      }
    }
  ],
  "fit_status": {
    "status": "success"
  },
  "fit_coefficients": {
    "a": 0.012514204988164496,
    "b": 0.002842180447540421,
    "c": 0.02391021390713477,
    "d": 0.00020070624481953334
  },
  "fit_quality": {
    "residual_sum_of_squares": 9.290788962504034e-8,
    "r_squared": 0.9994690081942653,
    "max_residual": 0.00020070624481953334,
    "min_pivot": 0.00007170503877799994
  },
  "crossing_status": "found",
  "robustness": {
    "monotonic": true,
    "quasi_monotonic": true,
    "r_squared_ok": true,
    "well_conditioned": true,
    "loo_stable": true,
    "max_loo_root_change": 0.2138719012655873
  },
  "selected_strength": 0.030619891360402107,
  "selection_mode": "polynomial_root",
  "budget_reachable": true,
  "measured_artifact_ratio": 0.004096310120075941,
  "measured_metric_value": 0.004096310120075941,
  "metric_components": {
    "components": {
      "gamut_excursion": 0.004096310120075941,
      "halo_ringing": 0.44121623039245605,
      "edge_overshoot": 0,
      "texture_flattening": 0.034733060747385025
    },
    "selected_metric": "gamut_excursion",
    "selection_score": 0.004096310120075941,
    "composite_score": 0.1399344950914383,
    "aggregate": 0.004096310120075941
  },
  "metric_weights": {
    "gamut_excursion": 1,
    "halo_ringing": 0.30000001192092896,
    "edge_overshoot": 0.30000001192092896,
    "texture_flattening": 0.10000000149011612
  },
  "region_coverage": {
    "total_pixels": 426400,
    "flat": 318115,
    "textured": 77614,
    "strong_edge": 13241,
    "microtexture": 522,
    "risky_halo_zone": 16908,
    "flat_fraction": 0.7460483312606812,
    "textured_fraction": 0.18202157318592072,
    "strong_edge_fraction": 0.031053001061081886,
    "microtexture_fraction": 0.0012242025695741177,
    "risky_halo_zone_fraction": 0.039652906358242035
  },
  "adaptive_validation": {
    "outcome": "passed_after_backoff",
    "iterations": 1,
    "final_scale": 0.800000011920929,
    "measured_metric": 0.000845059403218329
  },
  "timing": {
    "resize_us": 32200,
    "contrast_us": 0,
    "baseline_us": 1800,
    "probing_us": 431700,
    "fit_us": 0,
    "robustness_us": 0,
    "final_sharpen_us": 40000,
    "clamp_us": 1300,
    "total_us": 653900,
    "classification_us": 18700,
    "adaptive_validation_us": 2900,
    "evaluator_us": 47700,
    "base_quality_us": 33500
  },
  "chroma_guard": {
    "pixels_clamped_fraction": 0.006606472656130791,
    "mean_chroma_shift": 0.00024346107966266572,
    "max_chroma_shift": 0.0529019869863987,
    "effective_threshold_min": 0.0011242805048823357,
    "effective_threshold_mean": 0.007660553324967623,
    "effective_threshold_max": 0.10138668119907379,
    "per_region": {
      "flat": {
        "pixel_count": 318115,
        "clamped_count": 1,
        "clamped_fraction": 0.0000031435172331839567,
        "mean_shift": 0.000022467133021564223,
        "max_shift": 0.004560582805424929
      },
      "textured": {
        "pixel_count": 77614,
        "clamped_count": 782,
        "clamped_fraction": 0.010075502097606659,
        "mean_shift": 0.0005004976410418749,
        "max_shift": 0.030836718156933784
      },
      "strong_edge": {
        "pixel_count": 13241,
        "clamped_count": 513,
        "clamped_fraction": 0.03874329850077629,
        "mean_shift": 0.0010976620251312852,
        "max_shift": 0.017831338569521904
      },
      "microtexture": {
        "pixel_count": 522,
        "clamped_count": 3,
        "clamped_fraction": 0.005747126415371895,