{
  "input_size": {
    "width": 6000,
    "height": 4000
  },
  "output_size": {
    "width": 800,
    "height": 533
  },
  "sharpen_mode": "lightness",
  "metric_mode": "relative_to_base",
  "artifact_metric": "channel_clipping_ratio",
  "target_artifact_ratio": 0.003000000026077032,
  "baseline_artifact_ratio": 0,
  "probe_samples": [
    {
      "strength": 0.003000000026077032,
      "artifact_ratio": 0.0001352407707599923,
      "metric_value": 0.0001352407707599923,
      "breakdown": {
        "components": {
          "gamut_excursion": 0.0001352407707599923,
          "halo_ringing": 0.16897016763687134,
          "edge_overshoot": 0,
          "texture_flattening": 0.002533524762839079
        },
        "selected_metric": "gamut_excursion",
        "selection_score": 0.0001352407707599923,
        "composite_score": 0.0510796457529068,
        "aggregate": 0.0001352407707599923
      }
    },
    {
      "strength": 0.0651249960064888,
      "artifact_ratio": 0.0007692307699471712,
      "metric_value": 0.0007692307699471712,
      "breakdown": {
        "components": {
          "gamut_excursion": 0.0007692307699471712,
          "halo_ringing": 0.34393370151519775,
          "edge_overshoot": 0,
          "texture_flattening": 0.054598838090896606
        },
        "selected_metric": "gamut_excursion",
        "selection_score": 0.0007692307699471712,
        "composite_score": 0.10940922796726227,
        "aggregate": 0.0007692307699471712
      }
    },
    {
      "strength": 0.12725000083446503,
      "artifact_ratio": 0.0014165103202685714,
      "metric_value": 0.0014165103202685714,
      "breakdown": {
        "components": {
          "gamut_excursion": 0.0014165103202685714,
          "halo_ringing": 0.3534867465496063,
          "edge_overshoot": 0,
          "texture_flattening": 0.10591530799865723
        },
        "selected_metric": "gamut_excursion",
        "selection_score": 0.0014165103202685714,
        "composite_score": 0.11805406957864761,
        "aggregate": 0.0014165103202685714
      }
    },
    {
      "strength": 0.14795833826065063,
      "artifact_ratio": 0.0016330518992617726,
      "metric_value": 0.0016330518992617726,
      "breakdown": {
        "components": {
          "gamut_excursion": 0.0016330518992617726,
          "halo_ringing": 0.35490939021110535,
          "edge_overshoot": 0,
          "texture_flattening": 0.12285569310188293
        },
        "selected_metric": "gamut_excursion",
        "selection_score": 0.0016330518992617726,
        "composite_score": 0.12039144337177277,
        "aggregate": 0.0016330518992617726
      }
    },
    {
      "strength": 0.23079168796539307,
      "artifact_ratio": 0.002784552751109004,
      "metric_value": 0.002784552751109004,
      "breakdown": {
        "components": {
          "gamut_excursion": 0.002784552751109004,
          "halo_ringing": 0.3579424023628235,
          "edge_overshoot": 6.46802220671816e-7,
          "texture_flattening": 0.18979626893997192
        },
        "selected_metric": "gamut_excursion",
        "selection_score": 0.002784552751109004,
        "composite_score": 0.12914709746837616,
        "aggregate": 0.002784552751109004
      }
    },
    {
      "strength": 0.2515000104904175,
      "artifact_ratio": 0.003053470980376005,
      "metric_value": 0.003053470980376005,
      "breakdown": {
        "components": {
          "gamut_excursion": 0.003053470980376005,
          "halo_ringing": 0.3583419620990753,
          "edge_overshoot": 0.0000017912382190843346,
          "texture_flattening": 0.20632784068584442
        },
        "selected_metric": "gamut_excursion",
        "selection_score": 0.003053470980376005,
        "composite_score": 0.13118939101696014,
        "aggregate": 0.003053470980376005
      }
    },
    {
      "strength": 0.3136250376701355,
      "artifact_ratio": 0.0039008755702525377,
      "metric_value": 0.0039008755702525377,
      "breakdown": {
        "components": {
          "gamut_excursion": 0.0039008755702525377,
          "halo_ringing": 0.359431654214859,
          "edge_overshoot": 0.000012199056982353795,
          "texture_flattening": 0.25544273853302
        },
        "selected_metric": "gamut_excursion",
        "selection_score": 0.0039008755702525377,
        "composite_score": 0.13727831840515137,
        "aggregate": 0.0039008755702525377
      }
    },
    {
      "strength": 0.37575000524520874,
      "artifact_ratio": 0.004811600781977177,
      "metric_value": 0.004811600781977177,
      "breakdown": {
        "components": {
          "gamut_excursion": 0.004811600781977177,
          "halo_ringing": 0.3602913022041321,
          "edge_overshoot": 0.000037379624700406566,
          "texture_flattening": 0.3038499057292938
        },
        "selected_metric": "gamut_excursion",
        "selection_score": 0.004811600781977177,
        "composite_score": 0.14329519867897034,
        "aggregate": 0.004811600781977177
      }
    },
    {
      "strength": 0.5,
      "artifact_ratio": 0.006708880420774221,
      "metric_value": 0.006708880420774221,
      "breakdown": {
        "components": {
          "gamut_excursion": 0.006708880420774221,
          "halo_ringing": 0.36116307973861694,
          "edge_overshoot": 0.00017366006795782596,
          "texture_flattening": 0.39860403537750244
        },
        "selected_metric": "gamut_excursion",
        "selection_score": 0.006708880420774221,
        "composite_score": 0.15497031807899475,
        "aggregate": 0.006708880420774221
      }
    }
  ],
  "fit_status": {
    "status": "success"
  },
  "fit_coefficients": {
    "a": -0.006623227091975917,
    "b": 0.010848183758335234,
    "c": 0.00952865602285388,
    "d": 0.00005865084106867551
  },
  "fit_quality": {
    "residual_sum_of_squares": 1.2136383615531193e-8,
    "r_squared": 0.9997121799522413,
    "max_residual": 0.00005865084106867551,
    "min_pivot": 0.00009614042424009074
  },
  "crossing_status": "found",
  "robustness": {
    "monotonic": true,
    "quasi_monotonic": true,
    "r_squared_ok": true,
    "well_conditioned": true,
    "loo_stable": true,
    "max_loo_root_change": 0.0038691812715305656
  },
  "selected_strength": 0.23811471462249756,
  "selection_mode": "polynomial_root",
  "budget_reachable": true,
  "measured_artifact_ratio": 0.004340212792158127,
  "measured_metric_value": 0.004340212792158127,
  "metric_components": {
    "components": {
      "gamut_excursion": 0.004340212792158127,
      "halo_ringing": 0.3578152656555176,
      "edge_overshoot": 0.000001051508206728613,
      "texture_flattening": 0.1938708871603012
    },
    "selected_metric": "gamut_excursion",
    "selection_score": 0.004340212792158127,
    "composite_score": 0.13107219338417053,
    "aggregate": 0.004340212792158127
  },
  "metric_weights": {
    "gamut_excursion": 1,
    "halo_ringing": 0.30000001192092896,
    "edge_overshoot": 0.30000001192092896,
    "texture_flattening": 0.10000000149011612
  },
  "region_coverage": {
    "total_pixels": 426400,
    "flat": 257580,
    "textured": 136782,
    "strong_edge": 14996,
    "microtexture": 290,
    "risky_halo_zone": 16752,
    "flat_fraction": 0.6040806770324707,
    "textured_fraction": 0.3207832872867584,
    "strong_edge_fraction": 0.035168856382369995,
    "microtexture_fraction": 0.000680112570989877,
    "risky_halo_zone_fraction": 0.03928705304861069
  },
  "adaptive_validation": {
    "outcome": "passed_direct",
    "measured_metric": 0.0023929018061608076
  },
  "timing": {
    "resize_us": 330300,
    "contrast_us": 0,
    "baseline_us": 1300,
    "probing_us": 539700,
    "fit_us": 0,
    "robustness_us": 0,
    "final_sharpen_us": 40800,
    "clamp_us": 1000,
    "total_us": 1535000,
    "classification_us": 18600,
    "adaptive_validation_us": 0,
    "evaluator_us": 47300,
    "base_quality_us": 501600
  },
  "chroma_guard": {
    "pixels_clamped_fraction": 0.016142120584845543,