{
  "input_size": {
    "width": 2178,
    "height": 1892
  },
  "output_size": {
    "width": 256,
    "height": 256
  },
  "sharpen_mode": "lightness",
  "sharpen_model": "practical_usm",
  "metric_mode": "relative_to_base",
  "artifact_metric": "channel_clipping_ratio",
  "target_artifact_ratio": 0.0010000000474974513,
  "baseline_artifact_ratio": 0,
  "probe_samples": [
    {
      "strength": 0.05000000074505806,
      "artifact_ratio": 0.0000152587890625,
      "metric_value": 0.0000152587890625,
      "breakdown": {
        "components": {
          "gamut_excursion": 0.0000152587890625,
          "halo_ringing": 0.624202311038971,
          "edge_overshoot": 0,
          "texture_flattening": 0.08429984748363495
        },
        "selected_metric": "gamut_excursion",
        "selection_score": 0.0000152587890625,
        "composite_score": 0.19570595026016235,
        "aggregate": 0.0000152587890625
      }
    },
    {
      "strength": 0.10000000149011612,
      "artifact_ratio": 0.00010172525799134746,
      "metric_value": 0.00010172525799134746,
      "breakdown": {
        "components": {
          "gamut_excursion": 0.00010172525799134746,
          "halo_ringing": 0.6255022287368774,
          "edge_overshoot": 0,
          "texture_flattening": 0.16649645566940308
        },
        "selected_metric": "gamut_excursion",
        "selection_score": 0.00010172525799134746,
        "composite_score": 0.20440205931663513,
        "aggregate": 0.00010172525799134746
      }
    },
    {
      "strength": 0.20000000298023224,
      "artifact_ratio": 0.00024922689772211015,
      "metric_value": 0.00024922689772211015,
      "breakdown": {
        "components": {
          "gamut_excursion": 0.00024922689772211015,
          "halo_ringing": 0.6262112855911255,
          "edge_overshoot": 0,
          "texture_flattening": 0.32495012879371643
        },
        "selected_metric": "gamut_excursion",
        "selection_score": 0.00024922689772211015,
        "composite_score": 0.22060763835906982,
        "aggregate": 0.00024922689772211015
      }
    },
    {
      "strength": 0.4000000059604645,
      "artifact_ratio": 0.0058186850510537624,
      "metric_value": 0.0058186850510537624,
      "breakdown": {
        "components": {
          "gamut_excursion": 0.0058186850510537624,
          "halo_ringing": 0.626526415348053,
          "edge_overshoot": 0.00004547275966615416,
          "texture_flattening": 0.6203479766845703
        },
        "selected_metric": "gamut_excursion",
        "selection_score": 0.0058186850510537624,
        "composite_score": 0.2558250427246094,
        "aggregate": 0.0058186850510537624
      }
    },
    {
      "strength": 0.800000011920929,
      "artifact_ratio": 0.0346171073615551,
      "metric_value": 0.0346171073615551,
      "breakdown": {
        "components": {
          "gamut_excursion": 0.0346171073615551,
          "halo_ringing": 0.6268415451049805,
          "edge_overshoot": 0.0015208942350000143,
          "texture_flattening": 1.1379848718643188
        },
        "selected_metric": "gamut_excursion",
        "selection_score": 0.0346171073615551,
        "composite_score": 0.33692434430122375,
        "aggregate": 0.0346171073615551
      }
    },
    {
      "strength": 1.5,
      "artifact_ratio": 0.1089223250746727,
      "metric_value": 0.1089223250746727,
      "breakdown": {
        "components": {
          "gamut_excursion": 0.1089223250746727,
          "halo_ringing": 0.626880943775177,
          "edge_overshoot": 0.01850198209285736,
          "texture_flattening": 1.8564578294754028
        },
        "selected_metric": "gamut_excursion",
        "selection_score": 0.1089223250746727,
        "composite_score": 0.48818299174308777,
        "aggregate": 0.1089223250746727
      }
    },
    {
      "strength": 3,
      "artifact_ratio": 0.1919097900390625,
      "metric_value": 0.1919097900390625,
      "breakdown": {
        "components": {
          "gamut_excursion": 0.1919097900390625,
          "halo_ringing": 0.626880943775177,
          "edge_overshoot": 0.13185639679431915,
          "texture_flattening": 2.9989373683929443
        },
        "selected_metric": "gamut_excursion",
        "selection_score": 0.1919097900390625,
        "composite_score": 0.7194247245788574,
        "aggregate": 0.1919097900390625
      }
    }
  ],
  "fit_status": {
    "status": "success"
  },
  "fit_coefficients": {
    "a": -0.022205865338648708,
    "b": 0.09422625349598221,
    "c": -0.019016437791847182,
    "d": 0.0004758374275630217
  },
  "fit_quality": {
    "residual_sum_of_squares": 0.000001344100934405356,
    "r_squared": 0.9999619627954788,
    "max_residual": 0.000705602709881523,
    "min_pivot": 0.3177432292050941
  },
  "crossing_status": "found",
  "robustness": {
    "monotonic": true,
    "quasi_monotonic": true,
    "r_squared_ok": true,
    "well_conditioned": true,
    "loo_stable": true,
    "max_loo_root_change": 0.0573003153366974
  },
  "selected_strength": 0.23854677379131317,
  "selection_mode": "polynomial_root",
  "budget_reachable": true,
  "measured_artifact_ratio": 0.00034586587571538985,
  "measured_metric_value": 0.00034586587571538985,
  "metric_components": {
    "components": {
      "gamut_excursion": 0.00034586587571538985,
      "halo_ringing": 0.626250684261322,
      "edge_overshoot": 0,
      "texture_flattening": 0.3840290904045105
    },
    "selected_metric": "gamut_excursion",
    "selection_score": 0.00034586587571538985,
    "composite_score": 0.226623997092247,
    "aggregate": 0.00034586587571538985
  },
  "metric_weights": {
    "gamut_excursion": 1,
    "halo_ringing": 0.30000001192092896,
    "edge_overshoot": 0.30000001192092896,
    "texture_flattening": 0.10000000149011612
  },
  "metric_weights_provenance": "engineering_proxy",
  "timing": {
    "resize_us": 577100,
    "contrast_us": 0,
    "baseline_us": 200,
    "probing_us": 66200,
    "fit_us": 0,
    "robustness_us": 0,
    "final_sharpen_us": 600,
    "clamp_us": 200,
    "total_us": 652400
  },
  "provenance": {
    "color_conversion": "paper_confirmed",
    "resize": "engineering_choice",
    "contrast_leveling": "paper_confirmed",
    "sharpen_operator": "engineering_choice",
    "lightness_reconstruction": "paper_supported",
    "artifact_metric": "engineering_proxy",
    "polynomial_fit": "paper_confirmed"
  },
  "resize_strategy_diagnostics": {
    "kernels_used": [
      "lanczos3",
      "mitchell_netravali",
      "catmull_rom",
      "gaussian"
    ],
    "per_kernel_pixel_count": {
      "CatmullRom": 1808,
      "Gaussian": 55065,
      "Lanczos3": 3390,
      "MitchellNetravali": 5273
    }
  }
}