{
  "input_size": {
    "width": 2178,
    "height": 1892
  },
  "output_size": {
    "width": 256,
    "height": 256
  },
  "sharpen_mode": "lightness",
  "sharpen_model": "practical_usm",
  "metric_mode": "relative_to_base",
  "artifact_metric": "channel_clipping_ratio",
  "target_artifact_ratio": 0.0010000000474974513,
  "baseline_artifact_ratio": 0,
  "probe_samples": [
    {
      "strength": 0.05000000074505806,
      "artifact_ratio": 0,
      "metric_value": 0,
      "breakdown": {
        "components": {
          "gamut_excursion": 0,
          "halo_ringing": 0.5987952351570129,
          "edge_overshoot": 0,
          "texture_flattening": 0.07864286750555038
        },
        "selected_metric": "gamut_excursion",
        "selection_score": 0,
        "composite_score": 0.18750286102294922,
        "aggregate": 0
      }
    },
    {
      "strength": 0.10000000149011612,
      "artifact_ratio": 0.000020345052689663135,
      "metric_value": 0.000020345052689663135,
      "breakdown": {
        "components": {
          "gamut_excursion": 0.000020345052689663135,
          "halo_ringing": 0.6003510355949402,
          "edge_overshoot": 0,
          "texture_flattening": 0.1554679125547409
        },
        "selected_metric": "gamut_excursion",
        "selection_score": 0.000020345052689663135,
        "composite_score": 0.19567245244979858,
        "aggregate": 0.000020345052689663135
      }
    },
    {
      "strength": 0.20000000298023224,
      "artifact_ratio": 0.0000762939453125,
      "metric_value": 0.0000762939453125,
      "breakdown": {
        "components": {
          "gamut_excursion": 0.0000762939453125,
          "halo_ringing": 0.6015079617500305,
          "edge_overshoot": 0,
          "texture_flattening": 0.30395960807800293
        },
        "selected_metric": "gamut_excursion",
        "selection_score": 0.0000762939453125,
        "composite_score": 0.2109246402978897,
        "aggregate": 0.0000762939453125
      }
    },
    {
      "strength": 0.4000000059604645,
      "artifact_ratio": 0.0044148764573037624,
      "metric_value": 0.0044148764573037624,
      "breakdown": {
        "components": {
          "gamut_excursion": 0.0044148764573037624,
          "halo_ringing": 0.6021462678909302,
          "edge_overshoot": 0.00000952175832935609,
          "texture_flattening": 0.5821092128753662
        },
        "selected_metric": "gamut_excursion",
        "selection_score": 0.0044148764573037624,
        "composite_score": 0.2432725429534912,
        "aggregate": 0.0044148764573037624
      }
    },
    {
      "strength": 0.800000011920929,
      "artifact_ratio": 0.02562459371984005,
      "metric_value": 0.02562459371984005,
      "breakdown": {
        "components": {
          "gamut_excursion": 0.02562459371984005,
          "halo_ringing": 0.6023457050323486,
          "edge_overshoot": 0.0006480447482317686,
          "texture_flattening": 1.0730481147766113
        },
        "selected_metric": "gamut_excursion",
        "selection_score": 0.02562459371984005,
        "composite_score": 0.3138275146484375,
        "aggregate": 0.02562459371984005
      }
    },
    {
      "strength": 1.5,
      "artifact_ratio": 0.08831787109375,
      "metric_value": 0.08831787109375,
      "breakdown": {
        "components": {
          "gamut_excursion": 0.08831787109375,
          "halo_ringing": 0.6023855805397034,
          "edge_overshoot": 0.00998258963227272,
          "texture_flattening": 1.7581568956375122
        },
        "selected_metric": "gamut_excursion",
        "selection_score": 0.08831787109375,
        "composite_score": 0.4478440284729004,
        "aggregate": 0.08831787109375
      }
    },
    {
      "strength": 3,
      "artifact_ratio": 0.1725565642118454,
      "metric_value": 0.1725565642118454,
      "breakdown": {
        "components": {
          "gamut_excursion": 0.1725565642118454,
          "halo_ringing": 0.6023855805397034,
          "edge_overshoot": 0.08885292708873749,
          "texture_flattening": 2.865032911300659
        },
        "selected_metric": "gamut_excursion",
        "selection_score": 0.1725565642118454,
        "composite_score": 0.6664314270019531,
        "aggregate": 0.1725565642118454
      }
    }
  ],
  "fit_status": {
    "status": "success"
  },
  "fit_coefficients": {
    "a": -0.017525761834846235,
    "b": 0.07819614832673398,
    "c": -0.01956792654554797,
    "d": 0.0007034238759710587
  },
  "fit_quality": {
    "residual_sum_of_squares": 0.0000011497404456888271,
    "r_squared": 0.9999584421739911,
    "max_residual": 0.0007034238759710587,
    "min_pivot": 0.3177432292050941
  },
  "crossing_status": "found",
  "robustness": {
    "monotonic": true,
    "quasi_monotonic": true,
    "r_squared_ok": true,
    "well_conditioned": true,
    "loo_stable": true,
    "max_loo_root_change": 0.07924358134921475
  },
  "selected_strength": 0.28147292137145996,
  "selection_mode": "polynomial_root",
  "budget_reachable": true,
  "measured_artifact_ratio": 0.00017801921057980508,
  "measured_metric_value": 0.00017801921057980508,
  "metric_components": {
    "components": {
      "gamut_excursion": 0.00017801921057980508,
      "halo_ringing": 0.6019467711448669,
      "edge_overshoot": 0,
      "texture_flattening": 0.4201631546020508
    },
    "selected_metric": "gamut_excursion",
    "selection_score": 0.00017801921057980508,
    "composite_score": 0.22277837991714478,
    "aggregate": 0.00017801921057980508
  },
  "metric_weights": {
    "gamut_excursion": 1,
    "halo_ringing": 0.30000001192092896,
    "edge_overshoot": 0.30000001192092896,
    "texture_flattening": 0.10000000149011612
  },
  "metric_weights_provenance": "engineering_proxy",
  "timing": {
    "resize_us": 48600,
    "contrast_us": 0,
    "baseline_us": 300,
    "probing_us": 60100,
    "fit_us": 0,
    "robustness_us": 0,
    "final_sharpen_us": 700,
    "clamp_us": 100,
    "total_us": 117800
  },
  "provenance": {
    "color_conversion": "paper_confirmed",
    "resize": "engineering_choice",
    "contrast_leveling": "paper_confirmed",
    "sharpen_operator": "engineering_choice",
    "lightness_reconstruction": "paper_supported",
    "artifact_metric": "engineering_proxy",
    "polynomial_fit": "paper_confirmed"
  },
  "resize_strategy_diagnostics": {
    "kernels_used": [
      "gaussian"
    ],
    "per_kernel_pixel_count": {
      "Gaussian": 65536
    }
  }
}