{
  "input_size": {
    "width": 3890,
    "height": 5184
  },
  "output_size": {
    "width": 800,
    "height": 1066
  },
  "sharpen_mode": "lightness",
  "metric_mode": "relative_to_base",
  "artifact_metric": "channel_clipping_ratio",
  "target_artifact_ratio": 0.003000000026077032,
  "baseline_artifact_ratio": 0,
  "probe_samples": [
    {
      "strength": 0.003000000026077032,
      "artifact_ratio": 0.0016959818312898278,
      "metric_value": 0.0016959818312898278,
      "breakdown": {
        "components": {
          "gamut_excursion": 0.0016959818312898278,
          "halo_ringing": 0.2842825651168823,
          "edge_overshoot": 0,
          "texture_flattening": 0.003159008454531431
        },
        "selected_metric": "gamut_excursion",
        "selection_score": 0.0016959818312898278,
        "composite_score": 0.08729664981365204,
        "aggregate": 0.0016959818312898278
      }
    },
    {
      "strength": 0.0651249960064888,
      "artifact_ratio": 0.004309333860874176,
      "metric_value": 0.004309333860874176,
      "breakdown": {
        "components": {
          "gamut_excursion": 0.004309333860874176,
          "halo_ringing": 0.50900799036026,
          "edge_overshoot": 0,
          "texture_flattening": 0.0679498091340065
        },
        "selected_metric": "gamut_excursion",
        "selection_score": 0.004309333860874176,
        "composite_score": 0.1638067215681076,
        "aggregate": 0.004309333860874176
      }
    },
    {
      "strength": 0.12725000083446503,
      "artifact_ratio": 0.0067163072526454926,
      "metric_value": 0.0067163072526454926,
      "breakdown": {
        "components": {
          "gamut_excursion": 0.0067163072526454926,
          "halo_ringing": 0.5156679153442383,
          "edge_overshoot": 0,
          "texture_flattening": 0.13156430423259735
        },
        "selected_metric": "gamut_excursion",
        "selection_score": 0.0067163072526454926,
        "composite_score": 0.1745731234550476,
        "aggregate": 0.0067163072526454926
      }
    },
    {
      "strength": 0.18937498331069946,
      "artifact_ratio": 0.0090935742482543,
      "metric_value": 0.0090935742482543,
      "breakdown": {
        "components": {
          "gamut_excursion": 0.0090935742482543,
          "halo_ringing": 0.5179594159126282,
          "edge_overshoot": 5.641624625241093e-7,
          "texture_flattening": 0.19402103126049042
        },
        "selected_metric": "gamut_excursion",
        "selection_score": 0.0090935742482543,
        "composite_score": 0.1838836669921875,
        "aggregate": 0.0090935742482543
      }
    },
    {
      "strength": 0.2515000104904175,
      "artifact_ratio": 0.011502892710268497,
      "metric_value": 0.011502892710268497,
      "breakdown": {
        "components": {
          "gamut_excursion": 0.011502892710268497,
          "halo_ringing": 0.519145131111145,
          "edge_overshoot": 0.000005054135726823006,
          "texture_flattening": 0.2553369402885437
        },
        "selected_metric": "gamut_excursion",
        "selection_score": 0.011502892710268497,
        "composite_score": 0.19278164207935333,
        "aggregate": 0.011502892710268497
      }
    },
    {
      "strength": 0.37575000524520874,
      "artifact_ratio": 0.016577549278736115,
      "metric_value": 0.016577549278736115,
      "breakdown": {
        "components": {
          "gamut_excursion": 0.016577549278736115,
          "halo_ringing": 0.5202879309654236,
          "edge_overshoot": 0.0002137118426617235,
          "texture_flattening": 0.3745715916156769
        },
        "selected_metric": "gamut_excursion",
        "selection_score": 0.016577549278736115,
        "composite_score": 0.2101851999759674,
        "aggregate": 0.016577549278736115
      }
    },
    {
      "strength": 0.5,
      "artifact_ratio": 0.021601391956210136,
      "metric_value": 0.021601391956210136,
      "breakdown": {
        "components": {
          "gamut_excursion": 0.021601391956210136,
          "halo_ringing": 0.5208846926689148,
          "edge_overshoot": 0.0009316899231635034,
          "texture_flattening": 0.48927491903305054
        },
        "selected_metric": "gamut_excursion",
        "selection_score": 0.021601391956210136,
        "composite_score": 0.2270737886428833,
        "aggregate": 0.021601391956210136
      }
    }
  ],
  "fit_status": {
    "status": "success"
  },
  "fit_coefficients": {
    "a": 0.06011245480127269,
    "b": -0.05044960114494639,
    "c": 0.051850957501977275,
    "d": 0.0008321526225324165
  },
  "fit_quality": {
    "residual_sum_of_squares": 0.0000013685454236478375,
    "r_squared": 0.9964362858476349,
    "max_residual": 0.0008321526225324165,
    "min_pivot": 0.00007365256520618438
  },
  "crossing_status": "found",
  "robustness": {
    "monotonic": true,
    "quasi_monotonic": true,
    "r_squared_ok": true,
    "well_conditioned": true,
    "loo_stable": false,
    "max_loo_root_change": 0.2916412001122665
  },
  "selected_strength": 0.03660698980093002,
  "selection_mode": "polynomial_root",
  "budget_reachable": true,
  "measured_artifact_ratio": 0.005505003035068512,
  "measured_metric_value": 0.005505003035068512,
  "metric_components": {
    "components": {
      "gamut_excursion": 0.005505003035068512,
      "halo_ringing": 0.49671390652656555,
      "edge_overshoot": 0,
      "texture_flattening": 0.03789239004254341
    },
    "selected_metric": "gamut_excursion",
    "selection_score": 0.005505003035068512,
    "composite_score": 0.15830841660499573,
    "aggregate": 0.005505003035068512
  },
  "metric_weights": {
    "gamut_excursion": 1,
    "halo_ringing": 0.30000001192092896,
    "edge_overshoot": 0.30000001192092896,
    "texture_flattening": 0.10000000149011612
  },
  "region_coverage": {
    "total_pixels": 852800,
    "flat": 322857,
    "textured": 387040,
    "strong_edge": 43711,
    "microtexture": 3041,
    "risky_halo_zone": 96151,
    "flat_fraction": 0.3785846531391144,
    "textured_fraction": 0.45384615659713745,
    "strong_edge_fraction": 0.05125586315989494,
    "microtexture_fraction": 0.00356590049341321,
    "risky_halo_zone_fraction": 0.112747423350811
  },
  "adaptive_validation": {
    "outcome": "passed_after_backoff",
    "iterations": 2,
    "final_scale": 0.64000004529953,
    "measured_metric": 0.0024573951959609985
  },
  "timing": {
    "resize_us": 312400,
    "contrast_us": 0,
    "baseline_us": 2500,
    "probing_us": 1388400,
    "fit_us": 0,
    "robustness_us": 0,
    "final_sharpen_us": 88500,
    "clamp_us": 3100,
    "total_us": 2523400,
    "classification_us": 40000,
    "adaptive_validation_us": 10900,
    "evaluator_us": 89200,
    "base_quality_us": 454000
  },
  "chroma_guard": {
    "pixels_clamped_fraction": 0.005861866753548384,
    "mean_chroma_shift": 0.00039725020178593695,
    "max_chroma_shift": 0.13952714204788208,
    "effective_threshold_min": 0.0011242683976888657,
    "effective_threshold_mean": 0.03899034485220909,
    "effective_threshold_max": 0.09572350233793259,
    "per_region": {
      "flat": {
        "pixel_count": 322857,
        "clamped_count": 55,
        "clamped_fraction": 0.00017035406199283898,
        "mean_shift": 0.00008331084245583043,
        "max_shift": 0.005351255647838116
      },
      "textured": {
        "pixel_count": 387040,
        "clamped_count": 1298,
        "clamped_fraction": 0.0033536585979163647,
        "mean_shift": 0.0002997030969709158,
        "max_shift": 0.07512273639440536
      },
      "strong_edge": {
        "pixel_count": 43711,
        "clamped_count": 420,
        "clamped_fraction": 0.009608564898371696,
        "mean_shift": 0.000573653494939208,
        "max_shift": 0.0343359112739563
      },
      "microtexture": {
        "pixel_count": 3041,
        "clamped_count": 107,
        "clamped_fraction": 0.0351857952773571,
        "mean_shift": 0.0011456970823928714,