{
  "input_size": {
    "width": 3890,
    "height": 5184
  },
  "output_size": {
    "width": 800,
    "height": 1066
  },
  "sharpen_mode": "lightness",
  "metric_mode": "relative_to_base",
  "artifact_metric": "channel_clipping_ratio",
  "target_artifact_ratio": 0.0010000000474974513,
  "baseline_artifact_ratio": 0,
  "probe_samples": [
    {
      "strength": 0.003000000026077032,
      "artifact_ratio": 0.0016959818312898278,
      "metric_value": 0.0016959818312898278,
      "breakdown": {
        "components": {
          "gamut_excursion": 0.0016959818312898278,
          "halo_ringing": 0.2842825651168823,
          "edge_overshoot": 0,
          "texture_flattening": 0.003159008454531431
        },
        "selected_metric": "gamut_excursion",
        "selection_score": 0.0016959818312898278,
        "composite_score": 0.08729664981365204,
        "aggregate": 0.0016959818312898278
      }
    },
    {
      "strength": 0.022700000554323196,
      "artifact_ratio": 0.002655565971508622,
      "metric_value": 0.002655565971508622,
      "breakdown": {
        "components": {
          "gamut_excursion": 0.002655565971508622,
          "halo_ringing": 0.4834369421005249,
          "edge_overshoot": 0,
          "texture_flattening": 0.023832479491829872
        },
        "selected_metric": "gamut_excursion",
        "selection_score": 0.002655565971508622,
        "composite_score": 0.15006990730762482,
        "aggregate": 0.002655565971508622
      }
    },
    {
      "strength": 0.042399998754262924,
      "artifact_ratio": 0.003474437166005373,
      "metric_value": 0.003474437166005373,
      "breakdown": {
        "components": {
          "gamut_excursion": 0.003474437166005373,
          "halo_ringing": 0.5017864108085632,
          "edge_overshoot": 0,
          "texture_flattening": 0.04438699036836624
        },
        "selected_metric": "gamut_excursion",
        "selection_score": 0.003474437166005373,
        "composite_score": 0.15844906866550446,
        "aggregate": 0.003474437166005373
      }
    },
    {
      "strength": 0.05224999785423279,
      "artifact_ratio": 0.0038332552649080753,
      "metric_value": 0.0038332552649080753,
      "breakdown": {
        "components": {
          "gamut_excursion": 0.0038332552649080753,
          "halo_ringing": 0.5057764649391174,
          "edge_overshoot": 0,
          "texture_flattening": 0.05461956933140755
        },
        "selected_metric": "gamut_excursion",
        "selection_score": 0.0038332552649080753,
        "composite_score": 0.1610281616449356,
        "aggregate": 0.0038332552649080753
      }
    },
    {
      "strength": 0.06210000067949295,
      "artifact_ratio": 0.004190118983387947,
      "metric_value": 0.004190118983387947,
      "breakdown": {
        "components": {
          "gamut_excursion": 0.004190118983387947,
          "halo_ringing": 0.5083917379379272,
          "edge_overshoot": 0,
          "texture_flattening": 0.06482256203889847
        },
        "selected_metric": "gamut_excursion",
        "selection_score": 0.004190118983387947,
        "composite_score": 0.16318990290164948,
        "aggregate": 0.004190118983387947
      }
    },
    {
      "strength": 0.1014999970793724,
      "artifact_ratio": 0.005706691648811102,
      "metric_value": 0.005706691648811102,
      "breakdown": {
        "components": {
          "gamut_excursion": 0.005706691648811102,
          "halo_ringing": 0.5139029622077942,
          "edge_overshoot": 0,
          "texture_flattening": 0.1053389236330986
        },
        "selected_metric": "gamut_excursion",
        "selection_score": 0.005706691648811102,
        "composite_score": 0.17041149735450745,
        "aggregate": 0.005706691648811102
      }
    },
    {
      "strength": 0.15074999630451202,
      "artifact_ratio": 0.007614524569362402,
      "metric_value": 0.007614524569362402,
      "breakdown": {
        "components": {
          "gamut_excursion": 0.007614524569362402,
          "halo_ringing": 0.5167990326881409,
          "edge_overshoot": 5.133526315148629e-8,
          "texture_flattening": 0.15532542765140533
        },
        "selected_metric": "gamut_excursion",
        "selection_score": 0.007614524569362402,
        "composite_score": 0.1781867891550064,
        "aggregate": 0.007614524569362402
      }
    },
    {
      "strength": 0.20000000298023224,
      "artifact_ratio": 0.009523139335215092,
      "metric_value": 0.009523139335215092,
      "breakdown": {
        "components": {
          "gamut_excursion": 0.009523139335215092,
          "halo_ringing": 0.5182012319564819,
          "edge_overshoot": 7.052341288726893e-7,
          "texture_flattening": 0.20458821952342987
        },
        "selected_metric": "gamut_excursion",
        "selection_score": 0.009523139335215092,
        "composite_score": 0.18544253706932068,
        "aggregate": 0.009523139335215092
      }
    }
  ],
  "fit_status": {
    "status": "success"
  },
  "fit_coefficients": {
    "a": 1.055705324352284,
    "b": -0.37472549423379903,
    "c": 0.0766703095667628,
    "d": 0.0007857944734621208
  },
  "fit_quality": {
    "residual_sum_of_squares": 0.0000012589300258629732,
    "r_squared": 0.9817896294615038,
    "max_residual": 0.0007857944734621208,
    "min_pivot": 3.5153394758918717e-7
  },
  "crossing_status": "found",
  "robustness": {
    "monotonic": true,
    "quasi_monotonic": true,
    "r_squared_ok": true,
    "well_conditioned": true,
    "loo_stable": false,
    "max_loo_root_change": 4.106540120257638
  },
  "selected_strength": 0.00134887988679111,
  "selection_mode": "polynomial_root",
  "budget_reachable": true,
  "measured_artifact_ratio": 0.0016506409738212824,
  "measured_metric_value": 0.0016506409738212824,
  "metric_components": {
    "components": {
      "gamut_excursion": 0.0016506409738212824,
      "halo_ringing": 0.1668824851512909,
      "edge_overshoot": 0,
      "texture_flattening": 0.001403586589731276
    },
    "selected_metric": "gamut_excursion",
    "selection_score": 0.0016506409738212824,
    "composite_score": 0.051855746656656265,
    "aggregate": 0.0016506409738212824
  },
  "metric_weights": {
    "gamut_excursion": 1,
    "halo_ringing": 0.30000001192092896,
    "edge_overshoot": 0.30000001192092896,
    "texture_flattening": 0.10000000149011612
  },
  "region_coverage": {
    "total_pixels": 852800,
    "flat": 322857,
    "textured": 387040,
    "strong_edge": 43711,
    "microtexture": 3041,
    "risky_halo_zone": 96151,
    "flat_fraction": 0.3785846531391144,
    "textured_fraction": 0.45384615659713745,
    "strong_edge_fraction": 0.05125586315989494,
    "microtexture_fraction": 0.00356590049341321,
    "risky_halo_zone_fraction": 0.112747423350811
  },
  "adaptive_validation": {
    "outcome": "failed_budget_exceeded",
    "iterations": 4,
    "best_scale": 0.40960001945495605,
    "best_metric": 0.0015177454333752394
  },
  "timing": {
    "resize_us": 320500,
    "contrast_us": 0,
    "baseline_us": 2700,
    "probing_us": 1417400,
    "fit_us": 0,
    "robustness_us": 0,
    "final_sharpen_us": 96600,
    "clamp_us": 3200,
    "total_us": 2555500,
    "classification_us": 40600,
    "adaptive_validation_us": 24300,
    "evaluator_us": 95000,
    "base_quality_us": 437400
  },
  "chroma_guard": {
    "pixels_clamped_fraction": 0.00010553470929153264,
    "mean_chroma_shift": 0.000014638699212810025,
    "max_chroma_shift": 0.005141240544617176,
    "effective_threshold_min": 0.0011242683976888657,
    "effective_threshold_mean": 0.03899034485220909,
    "effective_threshold_max": 0.09572350233793259,
    "per_region": {
      "flat": {
        "pixel_count": 322857,
        "clamped_count": 0,
        "clamped_fraction": 0,
        "mean_shift": 0.0000030710689316038042,
        "max_shift": 0.00019718168186955154
      },
      "textured": {
        "pixel_count": 387040,
        "clamped_count": 1,