{
  "input_size": {
    "width": 2673,
    "height": 3565
  },
  "output_size": {
    "width": 800,
    "height": 1067
  },
  "sharpen_mode": "lightness",
  "metric_mode": "relative_to_base",
  "artifact_metric": "channel_clipping_ratio",
  "target_artifact_ratio": 0.0010000000474974513,
  "baseline_artifact_ratio": 0,
  "probe_samples": [
    {
      "strength": 0.009999999776482582,
      "artifact_ratio": 0.00022961574723012745,
      "metric_value": 0.00022961574723012745,
      "breakdown": {
        "components": {
          "gamut_excursion": 0.00022961574723012745,
          "halo_ringing": 0.353237509727478,
          "edge_overshoot": 0,
          "texture_flattening": 0.008763453923165798
        },
        "selected_metric": "gamut_excursion",
        "selection_score": 0.00022961574723012745,
        "composite_score": 0.1070772185921669,
        "aggregate": 0.00022961574723012745
      }
    },
    {
      "strength": 0.07125001400709152,
      "artifact_ratio": 0.0005146829062141478,
      "metric_value": 0.0005146829062141478,
      "breakdown": {
        "components": {
          "gamut_excursion": 0.0005146829062141478,
          "halo_ringing": 0.4374890923500061,
          "edge_overshoot": 0,
          "texture_flattening": 0.06214942783117294
        },
        "selected_metric": "gamut_excursion",
        "selection_score": 0.0005146829062141478,
        "composite_score": 0.13797636330127716,
        "aggregate": 0.0005146829062141478
      }
    },
    {
      "strength": 0.13250000774860382,
      "artifact_ratio": 0.0009208060218952596,
      "metric_value": 0.0009208060218952596,
      "breakdown": {
        "components": {
          "gamut_excursion": 0.0009208060218952596,
          "halo_ringing": 0.44442737102508545,
          "edge_overshoot": 0,
          "texture_flattening": 0.11501418054103851
        },
        "selected_metric": "gamut_excursion",
        "selection_score": 0.0009208060218952596,
        "composite_score": 0.14575043320655823,
        "aggregate": 0.0009208060218952596
      }
    },
    {
      "strength": 0.15291666984558105,
      "artifact_ratio": 0.001104342401959002,
      "metric_value": 0.001104342401959002,
      "breakdown": {
        "components": {
          "gamut_excursion": 0.001104342401959002,
          "halo_ringing": 0.445454478263855,
          "edge_overshoot": 0,
          "texture_flattening": 0.13251818716526031
        },
        "selected_metric": "gamut_excursion",
        "selection_score": 0.001104342401959002,
        "composite_score": 0.14799252152442932,
        "aggregate": 0.001104342401959002
      }
    },
    {
      "strength": 0.23458331823349,
      "artifact_ratio": 0.0020310059189796448,
      "metric_value": 0.0020310059189796448,
      "breakdown": {
        "components": {
          "gamut_excursion": 0.0020310059189796448,
          "halo_ringing": 0.4477602541446686,
          "edge_overshoot": 0,
          "texture_flattening": 0.20193761587142944
        },
        "selected_metric": "gamut_excursion",
        "selection_score": 0.0020310059189796448,
        "composite_score": 0.15655285120010376,
        "aggregate": 0.0020310059189796448
      }
    },
    {
      "strength": 0.2549999952316284,
      "artifact_ratio": 0.002285613911226392,
      "metric_value": 0.002285613911226392,
      "breakdown": {
        "components": {
          "gamut_excursion": 0.002285613911226392,
          "halo_ringing": 0.4481445550918579,
          "edge_overshoot": 5.766073627455626e-7,
          "texture_flattening": 0.2191394716501236
        },
        "selected_metric": "gamut_excursion",
        "selection_score": 0.002285613911226392,
        "composite_score": 0.15864311158657074,
        "aggregate": 0.002285613911226392
      }
    },
    {
      "strength": 0.3162499666213989,
      "artifact_ratio": 0.003090830985456705,
      "metric_value": 0.003090830985456705,
      "breakdown": {
        "components": {
          "gamut_excursion": 0.003090830985456705,
          "halo_ringing": 0.4489690363407135,
          "edge_overshoot": 0.0000048690230869397055,
          "texture_flattening": 0.27038776874542236
        },
        "selected_metric": "gamut_excursion",
        "selection_score": 0.003090830985456705,
        "composite_score": 0.1648217886686325,
        "aggregate": 0.003090830985456705
      }
    },
    {
      "strength": 0.3774999976158142,
      "artifact_ratio": 0.004114339128136635,
      "metric_value": 0.004114339128136635,
      "breakdown": {
        "components": {
          "gamut_excursion": 0.004114339128136635,
          "halo_ringing": 0.4496258497238159,
          "edge_overshoot": 0.00001938357854669448,
          "texture_flattening": 0.3211023807525635
        },
        "selected_metric": "gamut_excursion",
        "selection_score": 0.004114339128136635,
        "composite_score": 0.17111815512180328,
        "aggregate": 0.004114339128136635
      }
    },
    {
      "strength": 0.5,
      "artifact_ratio": 0.0064405654557049274,
      "metric_value": 0.0064405654557049274,
      "breakdown": {
        "components": {
          "gamut_excursion": 0.0064405654557049274,
          "halo_ringing": 0.45038044452667236,
          "edge_overshoot": 0.00022535696916747838,
          "texture_flattening": 0.4210622310638428
        },
        "selected_metric": "gamut_excursion",
        "selection_score": 0.0064405654557049274,
        "composite_score": 0.18372853100299835,
        "aggregate": 0.0064405654557049274
      }
    }
  ],
  "fit_status": {
    "status": "success"
  },
  "fit_coefficients": {
    "a": 0.0005342106871860581,
    "b": 0.01662362824079453,
    "c": 0.004258305509156495,
    "d": 0.00009209306576907046
  },
  "fit_quality": {
    "residual_sum_of_squares": 2.1777805856143533e-8,
    "r_squared": 0.9994068455497274,
    "max_residual": 0.00009327673036088008,
    "min_pivot": 0.00009362297370912962
  },
  "crossing_status": "found",
  "robustness": {
    "monotonic": true,
    "quasi_monotonic": true,
    "r_squared_ok": true,
    "well_conditioned": true,
    "loo_stable": true,
    "max_loo_root_change": 0.010822304880960237
  },
  "selected_strength": 0.13594207167625427,
  "selection_mode": "polynomial_root",
  "budget_reachable": true,
  "measured_artifact_ratio": 0.0018052952364087105,
  "measured_metric_value": 0.0018052952364087105,
  "metric_components": {
    "components": {
      "gamut_excursion": 0.0018052952364087105,
      "halo_ringing": 0.4446299970149994,
      "edge_overshoot": 0,
      "texture_flattening": 0.11794149875640869
    },
    "selected_metric": "gamut_excursion",
    "selection_score": 0.0018052952364087105,
    "composite_score": 0.14698845148086548,
    "aggregate": 0.0018052952364087105
  },
  "metric_weights": {
    "gamut_excursion": 1,
    "halo_ringing": 0.30000001192092896,
    "edge_overshoot": 0.30000001192092896,
    "texture_flattening": 0.10000000149011612
  },
  "region_coverage": {
    "total_pixels": 853600,
    "flat": 708405,
    "textured": 121652,
    "strong_edge": 1774,
    "microtexture": 662,
    "risky_halo_zone": 21107,
    "flat_fraction": 0.8299027681350708,
    "textured_fraction": 0.14251640439033508,
    "strong_edge_fraction": 0.0020782568026334047,
    "microtexture_fraction": 0.0007755389087833464,
    "risky_halo_zone_fraction": 0.02472703903913498
  },
  "adaptive_validation": {
    "outcome": "passed_direct",
    "measured_metric": 0.0007021243218332529
  },
  "timing": {
    "resize_us": 148600,
    "contrast_us": 0,
    "baseline_us": 2700,
    "probing_us": 775700,
    "fit_us": 0,
    "robustness_us": 0,
    "final_sharpen_us": 76800,
    "clamp_us": 3400,
    "total_us": 1461400,
    "classification_us": 38400,
    "adaptive_validation_us": 0,
    "evaluator_us": 95800,
    "base_quality_us": 237300
  },
  "chroma_guard": {
    "pixels_clamped_fraction": 0.006334348581731319,