{
  "input_size": {
    "width": 1988,
    "height": 2007
  },
  "output_size": {
    "width": 800,
    "height": 808
  },
  "sharpen_mode": "lightness",
  "metric_mode": "relative_to_base",
  "artifact_metric": "channel_clipping_ratio",
  "target_artifact_ratio": 0.0010000000474974513,
  "baseline_artifact_ratio": 0,
  "probe_samples": [
    {
      "strength": 0.003000000026077032,
      "artifact_ratio": 0.0005033003399148583,
      "metric_value": 0.0005033003399148583,
      "breakdown": {
        "components": {
          "gamut_excursion": 0.0005033003399148583,
          "halo_ringing": 0.3842245638370514,
          "edge_overshoot": 0,
          "texture_flattening": 0.005234831478446722
        },
        "selected_metric": "gamut_excursion",
        "selection_score": 0.0005033003399148583,
        "composite_score": 0.11629416048526764,
        "aggregate": 0.0005033003399148583
      }
    },
    {
      "strength": 0.027625001966953278,
      "artifact_ratio": 0.0042703174985945225,
      "metric_value": 0.0042703174985945225,
      "breakdown": {
        "components": {
          "gamut_excursion": 0.0042703174985945225,
          "halo_ringing": 0.4521510899066925,
          "edge_overshoot": 0,
          "texture_flattening": 0.04793060943484306
        },
        "selected_metric": "gamut_excursion",
        "selection_score": 0.0042703174985945225,
        "composite_score": 0.14470870792865753,
        "aggregate": 0.0042703174985945225
      }
    },
    {
      "strength": 0.05224999785423279,
      "artifact_ratio": 0.006322194822132587,
      "metric_value": 0.006322194822132587,
      "breakdown": {
        "components": {
          "gamut_excursion": 0.006322194822132587,
          "halo_ringing": 0.4636423587799072,
          "edge_overshoot": 0,
          "texture_flattening": 0.0901445522904396
        },
        "selected_metric": "gamut_excursion",
        "selection_score": 0.006322194822132587,
        "composite_score": 0.1544293612241745,
        "aggregate": 0.006322194822132587
      }
    },
    {
      "strength": 0.0768750011920929,
      "artifact_ratio": 0.007995049469172955,
      "metric_value": 0.007995049469172955,
      "breakdown": {
        "components": {
          "gamut_excursion": 0.007995049469172955,
          "halo_ringing": 0.4681050181388855,
          "edge_overshoot": 0,
          "texture_flattening": 0.13188257813453674
        },
        "selected_metric": "gamut_excursion",
        "selection_score": 0.007995049469172955,
        "composite_score": 0.1616148203611374,
        "aggregate": 0.007995049469172955
      }
    },
    {
      "strength": 0.1014999970793724,
      "artifact_ratio": 0.009518873877823353,
      "metric_value": 0.009518873877823353,
      "breakdown": {
        "components": {
          "gamut_excursion": 0.009518873877823353,
          "halo_ringing": 0.47057661414146423,
          "edge_overshoot": 0,
          "texture_flattening": 0.1731521338224411
        },
        "selected_metric": "gamut_excursion",
        "selection_score": 0.009518873877823353,
        "composite_score": 0.16800707578659058,
        "aggregate": 0.009518873877823353
      }
    },
    {
      "strength": 0.15074999630451202,
      "artifact_ratio": 0.012480920180678368,
      "metric_value": 0.012480920180678368,
      "breakdown": {
        "components": {
          "gamut_excursion": 0.012480920180678368,
          "halo_ringing": 0.4730739891529083,
          "edge_overshoot": 0,
          "texture_flattening": 0.25431182980537415
        },
        "selected_metric": "gamut_excursion",
        "selection_score": 0.012480920180678368,
        "composite_score": 0.1798343062400818,
        "aggregate": 0.012480920180678368
      }
    },
    {
      "strength": 0.20000000298023224,
      "artifact_ratio": 0.015561056323349476,
      "metric_value": 0.015561056323349476,
      "breakdown": {
        "components": {
          "gamut_excursion": 0.015561056323349476,
          "halo_ringing": 0.47424113750457764,
          "edge_overshoot": 7.756834179417638e-7,
          "texture_flattening": 0.33367860317230225
        },
        "selected_metric": "gamut_excursion",
        "selection_score": 0.015561056323349476,
        "composite_score": 0.19120150804519653,
        "aggregate": 0.015561056323349476
      }
    }
  ],
  "fit_status": {
    "status": "success"
  },
  "fit_coefficients": {
    "a": 2.252487178788739,
    "b": -0.8480806402556467,
    "c": 0.15707775656704137,
    "d": 0.00011893702091387735
  },
  "fit_quality": {
    "residual_sum_of_squares": 3.226151206280505e-7,
    "r_squared": 0.9984617716811293,
    "max_residual": 0.0004118256218493318,
    "min_pivot": 2.961682381702926e-7
  },
  "crossing_status": "found",
  "robustness": {
    "monotonic": true,
    "quasi_monotonic": true,
    "r_squared_ok": true,
    "well_conditioned": true,
    "loo_stable": true,
    "max_loo_root_change": 0.15493846237484443
  },
  "selected_strength": 0.004753840621560812,
  "selection_mode": "polynomial_root",
  "budget_reachable": true,
  "measured_artifact_ratio": 0.006557343062013388,
  "measured_metric_value": 0.006557343062013388,
  "metric_components": {
    "components": {
      "gamut_excursion": 0.006557343062013388,
      "halo_ringing": 0.3752220571041107,
      "edge_overshoot": 0,
      "texture_flattening": 0.008000454865396023
    },
    "selected_metric": "gamut_excursion",
    "selection_score": 0.006557343062013388,
    "composite_score": 0.11992400884628296,
    "aggregate": 0.006557343062013388
  },
  "metric_weights": {
    "gamut_excursion": 1,
    "halo_ringing": 0.30000001192092896,
    "edge_overshoot": 0.30000001192092896,
    "texture_flattening": 0.10000000149011612
  },
  "region_coverage": {
    "total_pixels": 646400,
    "flat": 510710,
    "textured": 70653,
    "strong_edge": 21567,
    "microtexture": 1919,
    "risky_halo_zone": 41551,
    "flat_fraction": 0.7900835275650024,
    "textured_fraction": 0.10930228978395462,
    "strong_edge_fraction": 0.03336479142308235,
    "microtexture_fraction": 0.002968749962747097,
    "risky_halo_zone_fraction": 0.06428062915802002
  },
  "adaptive_validation": {
    "outcome": "passed_direct",
    "measured_metric": 0.000714212073944509
  },
  "timing": {
    "resize_us": 59800,
    "contrast_us": 0,
    "baseline_us": 1800,
    "probing_us": 591400,
    "fit_us": 0,
    "robustness_us": 0,
    "final_sharpen_us": 42800,
    "clamp_us": 1900,
    "total_us": 971200,
    "classification_us": 29800,
    "adaptive_validation_us": 0,
    "evaluator_us": 79000,
    "base_quality_us": 104900
  },
  "chroma_guard": {
    "pixels_clamped_fraction": 0.010371287353336811,
    "mean_chroma_shift": 0.00008271789556602016,
    "max_chroma_shift": 0.019688952714204788,
    "effective_threshold_min": 0.0011242550099268556,
    "effective_threshold_mean": 0.0036709315609186888,
    "effective_threshold_max": 0.09602521359920502,
    "per_region": {
      "flat": {
        "pixel_count": 510710,
        "clamped_count": 0,
        "clamped_fraction": 0,
        "mean_shift": 5.402584335456595e-8,
        "max_shift": 0.00014998033293522894
      },
      "textured": {
        "pixel_count": 70653,
        "clamped_count": 918,
        "clamped_fraction": 0.01299307867884636,
        "mean_shift": 0.00015172238636296242,
        "max_shift": 0.016675900667905807
      },
      "strong_edge": {
        "pixel_count": 21567,
        "clamped_count": 1253,
        "clamped_fraction": 0.058098021894693375,
        "mean_shift": 0.00041115478961728513,
        "max_shift": 0.00990294013172388
      },
      "microtexture": {
        "pixel_count": 1919,
        "clamped_count": 5,
        "clamped_fraction": 0.002605523681268096,
        "mean_shift": 0.00004248594996170141,
        "max_shift": 0.009508810006082058
      },
      "risky_halo_zone": {
        "pixel_count": 41551,
        "clamped_count": 4528,